designation,source_variable_name,source_table_name,filter,source_system_name,source_system_type,restricting_date_var,restricting_date_format,key,variable_name,fhir,variable_type,constraints,value_threshold,missing_threshold,dqa_assessment,definition,sql_from,sql_join_on,sql_join_type,sql_where,data_map,plausibility_relation
Fachabteilung,FAB,FAB.CSV,,p21csv,csv,,,dt.provider,location_identifier_value,location.identifier.value,string,"{""regex"":[""^([[:alnum:]]){1,}""]}",,,1,"Die Fachabteilung ist an dieser Stelle analog der Übermittlung nach § 301 SGB V einschließlich der Pseudofachabteilungen ‚0001' (Rückverlegung) oder ‚0002' (Wiederaufnahme) oder‚0003' (externer Aufenthalt mit Abwesenheit über Mitternacht im BPflV-Bereich) anzugeben.  
Dem Fachabteilungsschlüssel ist bei Fachabteilungen das Präfix ‚HA' (Hauptabteilung) oder ‚BA' (Belegabteilung), bei Besonderen Einrichtungen das Präfix ‚BE' voranzustellen.  
Bei Angabe der Pseudofachabteilungen ‚0001', ‚0002' und ‚0003' ist als Präfix ‚HA' anzugeben.  ",,,,,,
Fallnummer,KH_INTERNES_KENNZEICHEN,FAB.CSV,,p21csv,csv,,,dt.provider,encounter_identifier_value,encounter.identifier.value,string,,,,0,,,,,,,
Fachabteilung,care_site_id,visit_occurrence,,omop,postgres,,,dt.provider,location_identifier_value,location.identifier.value,string,"{""regex"":[""^([[:alnum:]]){1,}""]}",,,1,"Die Fachabteilung ist an dieser Stelle analog der Übermittlung nach § 301 SGB V einschließlich der Pseudofachabteilungen ‚0001' (Rückverlegung) oder ‚0002' (Wiederaufnahme) oder‚0003' (externer Aufenthalt mit Abwesenheit über Mitternacht im BPflV-Bereich) anzugeben.  
Dem Fachabteilungsschlüssel ist bei Fachabteilungen das Präfix ‚HA' (Hauptabteilung) oder ‚BA' (Belegabteilung), bei Besonderen Einrichtungen das Präfix ‚BE' voranzustellen.  
Bei Angabe der Pseudofachabteilungen ‚0001', ‚0002' und ‚0003' ist als Präfix ‚HA' anzugeben.  ",visit_occurence,,,,,
Fallnummer,visit_occurrence_id,visit_occurrence,,omop,postgres,,,dt.provider,encounter_identifier_value,encounter.identifier.value,string,,,,0,,visit_occurrence,,,,,
Fachabteilung,FAB,p21.fab,,p21staging,postgres,FAB-Aufnahmedatum,%Y%m%d%H%M,dt.provider,location_identifier_value,location.identifier.value,string,"{""regex"":[""^([[:alnum:]]){1,}""]}",,,1,"Die Fachabteilung ist an dieser Stelle analog der Übermittlung nach § 301 SGB V einschließlich der Pseudofachabteilungen ‚0001' (Rückverlegung) oder ‚0002' (Wiederaufnahme) oder‚0003' (externer Aufenthalt mit Abwesenheit über Mitternacht im BPflV-Bereich) anzugeben.  
Dem Fachabteilungsschlüssel ist bei Fachabteilungen das Präfix ‚HA' (Hauptabteilung) oder ‚BA' (Belegabteilung), bei Besonderen Einrichtungen das Präfix ‚BE' voranzustellen.  
Bei Angabe der Pseudofachabteilungen ‚0001', ‚0002' und ‚0003' ist als Präfix ‚HA' anzugeben.  ",fab,,,,,
Fallnummer,KH-internes-Kennzeichen,p21.fab,,p21staging,postgres,FAB-Aufnahmedatum,%Y%m%d%H%M,dt.provider,encounter_identifier_value,encounter.identifier.value,string,,,,0,,fab,,,,,
Entlassungsdatum (Fachabteilung),FAB_ENTLASSUNGSDATUM,FAB.CSV,,p21csv,csv,,,dt.providerend,encounter_location_period_end,encounter.location.period.end,calendar,,,,1,Bei nachstationärer Behandlung ist der letzte vollstationäre Behandlungstag (Entlassungsdatum) anzugeben. Der Wechsel von vollstationär zu nachstationär innerhalb der gleichen Fachabteilung muss nicht durch eine gesonderte Wiederholung der Fachabteilungsangabe dokumentiert werden. Die nachstationären Behandlungstage sind bei den Falldaten gesondert anzugeben.,,,,,,
Entlassungsdatum (Fachabteilung),visit_end_date,visit_occurrence,,omop,postgres,,,dt.providerend,encounter_location_period_end,encounter.location.period.end,calendar,,,,1,Bei nachstationärer Behandlung ist der letzte vollstationäre Behandlungstag (Entlassungsdatum) anzugeben. Der Wechsel von vollstationär zu nachstationär innerhalb der gleichen Fachabteilung muss nicht durch eine gesonderte Wiederholung der Fachabteilungsangabe dokumentiert werden. Die nachstationären Behandlungstage sind bei den Falldaten gesondert anzugeben.,visit_occurence,,,,,
Fallnummer,visit_occurrence_id,visit_occurrence,,omop,postgres,,,dt.providerend,encounter_identifier_value,encounter.identifier.value,string,,,,0,,visit_occurence,,,,,
Entlassungsdatum (Fachabteilung),FAB-Entlassungsdatum,p21.fab,,p21staging,postgres,FAB-Aufnahmedatum,%Y%m%d%H%M,dt.providerend,encounter_location_period_end,encounter.location.period.end,calendar,,,,1,Bei nachstationärer Behandlung ist der letzte vollstationäre Behandlungstag (Entlassungsdatum) anzugeben. Der Wechsel von vollstationär zu nachstationär innerhalb der gleichen Fachabteilung muss nicht durch eine gesonderte Wiederholung der Fachabteilungsangabe dokumentiert werden. Die nachstationären Behandlungstage sind bei den Falldaten gesondert anzugeben.,fab,,,,,
Fallnummer,KH-internes-Kennzeichen,p21.fab,,p21staging,postgres,FAB-Aufnahmedatum,%Y%m%d%H%M,dt.providerend,encounter_identifier_value,encounter.identifier.value,string,,,,0,,fab,,,,,
Aufnahmedatum (Fachabteilung),FAB_AUFNAHMEDATUM,FAB.CSV,,p21csv,csv,,,dt.providerstart,encounter_location_period_start,encounter.location.period.start,calendar,,,,1,Bei vorstationärer Behandlung ist der erste vollstationäre Behandlungstag (Aufnahmedatum) anzugeben. Der Wechsel von vorstationär zu vollstationär innerhalb der gleichen Fachabteilung muss nicht durch eine gesonderte Wiederholung der Fachabteilungsangabe dokumentiert werden.,,,,,,
Aufnahmedatum (Fachabteilung),visit_start_date,visit_occurrence,,omop,postgres,,,dt.providerstart,encounter_location_period_start,encounter.location.period.start,calendar,,,,1,Bei vorstationärer Behandlung ist der erste vollstationäre Behandlungstag (Aufnahmedatum) anzugeben. Der Wechsel von vorstationär zu vollstationär innerhalb der gleichen Fachabteilung muss nicht durch eine gesonderte Wiederholung der Fachabteilungsangabe dokumentiert werden.,visit_occurence,,,,,
Fallnummer,visit_occurrence_id,visit_occurrence,,omop,postgres,,,dt.providerstart,encounter_identifier_value,encounter.identifier.value,string,,,,0,,visit_occurence,,,,,
Aufnahmedatum (Fachabteilung),FAB-Aufnahmedatum,p21.fab,,p21staging,postgres,FAB-Aufnahmedatum,%Y%m%d%H%M,dt.providerstart,encounter_location_period_start,encounter.location.period.start,calendar,,,,1,Bei vorstationärer Behandlung ist der erste vollstationäre Behandlungstag (Aufnahmedatum) anzugeben. Der Wechsel von vorstationär zu vollstationär innerhalb der gleichen Fachabteilung muss nicht durch eine gesonderte Wiederholung der Fachabteilungsangabe dokumentiert werden.,fab,,,,,
Fallnummer,KH-internes-Kennzeichen,p21.fab,,p21staging,postgres,FAB-Aufnahmedatum,%Y%m%d%H%M,dt.providerstart,encounter_identifier_value,encounter.identifier.value,string,,,,0,,fab,,,,,
Beatmungsstunden,BEATMUNGSSTUNDEN,FALL.CSV,,p21csv,csv,,,dt.ventilation,observation_code_coding_code,observation.code.coding.code,integer,"{""range"":{""min"":[0],""max"":[8766],""unit"":[""h""]}}",,,1,Die Beatmungsstunden sind als Gesamtbeatmungszeit für den Krankenhausfall entsprechend DKR anzugeben. Der Wert entspricht der Angabe „Beatmungsstunden“ in der Entlassungsanzeige (Segment DAU).,,,,,,
Beatmungsstunden,nval_num,i2b2miracum.observation_fact,,i2b2,postgres,start_date,,dt.ventilation,observation_code_coding_code,observation.code.coding.code,integer,"{""range"":{""min"":[0],""max"":[366],""unit"":[""d""]}}",,,1,Die Beatmungsstunden sind als Gesamtbeatmungszeit für den Krankenhausfall entsprechend DKR anzugeben. Der Wert entspricht der Angabe „Beatmungsstunden“ in der Entlassungsanzeige (Segment DAU).,observation_fact,,,concept_cd LIKE 'LOINC:74201-5',,
Fallnummer,encounter_num,i2b2miracum.observation_fact,,i2b2,postgres,start_date,,dt.ventilation,procedure_encounter_identifier_value,procedure.encounter.identifier.value,string,,,,0,,observation_fact,,,,,
Beatmungsstunden,observation_source_value,observation,,omop,postgres,,,dt.ventilation,observation_code_coding_code,observation.code.coding.code,integer,"{""range"":{""min"":[0],""max"":[8766],""unit"":[""h""]}}",,,1,Die Beatmungsstunden sind als Gesamtbeatmungszeit für den Krankenhausfall entsprechend DKR anzugeben. Der Wert entspricht der Angabe „Beatmungsstunden“ in der Entlassungsanzeige (Segment DAU).,observation,,,observation_concept_id = 4108449,,
Fallnummer,visit_occurrence_id,observation,,omop,postgres,,,dt.ventilation,procedure_encounter_identifier_value,procedure.encounter.identifier.value,string,,,,0,,observation,,,,,
Beatmungsstunden,Beatmungsstunden,p21.fall,,p21staging,postgres,Aufnahmedatum,%Y%m%d%H%M,dt.ventilation,observation_code_coding_code,observation.code.coding.code,integer,"{""range"":{""min"":[0],""max"":[8766],""unit"":[""h""]}}",,,1,Die Beatmungsstunden sind als Gesamtbeatmungszeit für den Krankenhausfall entsprechend DKR anzugeben. Der Wert entspricht der Angabe „Beatmungsstunden“ in der Entlassungsanzeige (Segment DAU).,fall,,,Aufnahmeanlass != 'B' OR Aufnahmeanlass IS NULL,,
Fallnummer,KH-internes-Kennzeichen,p21.fall,,p21staging,postgres,Aufnahmedatum,%Y%m%d%H%M,dt.ventilation,procedure_encounter_identifier_value,procedure.encounter.identifier.value,string,,,,0,,fall,,,,,
Beatmungsstunden,code.coding.code,resources,,fhirgw,postgres,,,undefined,observation_code_coding_code,observation.code.coding.code,integer,"{""range"":{""min"":[0],""max"":[8766],""unit"":[""h""]}}",,,1,Die Beatmungsstunden sind als Gesamtbeatmungszeit für den Krankenhausfall entsprechend DKR anzugeben. Der Wert entspricht der Angabe „Beatmungsstunden“ in der Entlassungsanzeige (Segment DAU).,fall,,,type = 'Observation' AND DATA -> 'meta' ->> 'source' = '#p21' AND DATA -> 'code' -> 'coding' -> 0 ->> 'code' = '74201-5',,
Fallnummer,encounter.reference,resources,,fhirgw,postgres,,,undefined,procedure_encounter_identifier_value,procedure.encounter.identifier.value,string,,,,0,,fall,,,,,
Postleitzahl,PLZ,FALL.CSV,,p21csv,csv,,,dt.zipcode,patient_address_postalCode,patient.address.postalCode,string,"{""regex"":[""^([[:digit:]]{5})$""]}",,,1,"Die Postleitzahl der Anschrift des Versicherten ist vollständig mit 5 Ziffern anzugeben.  
Bei ausländischen oder wohnsitzlosen Patienten: ‚00000'.   ",,,,,,
Postleitzahl,zip_cd,i2b2miracum.patient_dimension,,i2b2,postgres,,,dt.zipcode,patient_address_postalCode,patient.address.postalCode,string,"{""regex"":[""^([[:digit:]]{5})$""]}",,,1,"Die Postleitzahl der Anschrift des Versicherten ist vollständig mit 5 Ziffern anzugeben.  
Bei ausländischen oder wohnsitzlosen Patienten: ‚00000'.   ",patient_dimension,,,,,
Patientennummer,patient_num,i2b2miracum.patient_dimension,,i2b2,postgres,,,dt.zipcode,patient_identifier_value,patient.identifier.value,string,,,,0,,patient_dimension,,,,,
Postleitzahl,zip,location,,omop,postgres,,,dt.zipcode,patient_address_postalCode,patient.address.postalCode,string,"{""regex"":[""^([[:digit:]]{5})$""]}",,,1,"Die Postleitzahl der Anschrift des Versicherten ist vollständig mit 5 Ziffern anzugeben.  
Bei ausländischen oder wohnsitzlosen Patienten: ‚00000'.   ",location,location_id,left outer,,,
Patientennummer,person_id,person,,omop,postgres,,,dt.zipcode,patient_identifier_value,patient.identifier.value,string,,,,0,,person,,,,,
Postleitzahl,PLZ,p21.fall,,p21staging,postgres,Aufnahmedatum,%Y%m%d%H%M,dt.zipcode,patient_address_postalCode,patient.address.postalCode,string,"{""regex"":[""^([[:digit:]]{5})$""]}",,,1,"Die Postleitzahl der Anschrift des Versicherten ist vollständig mit 5 Ziffern anzugeben.  
Bei ausländischen oder wohnsitzlosen Patienten: ‚00000'.   ",fall,,,Aufnahmeanlass != 'B' OR Aufnahmeanlass IS NULL,,
Fallnummer,KH-internes-Kennzeichen,p21.fall,,p21staging,postgres,Aufnahmedatum,%Y%m%d%H%M,dt.zipcode,patient_identifier_value,patient.identifier.value,string,,,,0,,fall,,,,,
Postleitzahl,address.postalCode,resources,,fhirgw,postgres,,,dt.zipcode,patient_address_postalCode,patient.address.postalCode,string,"{""regex"":[""^([[:digit:]]{5})$""]}",,,1,"Die Postleitzahl der Anschrift des Versicherten ist vollständig mit 5 Ziffern anzugeben.  
Bei ausländischen oder wohnsitzlosen Patienten: ‚00000'.   ",resources,,,type = 'Patient',,
Patientennummer,id,resources,,fhirgw,postgres,,,dt.zipcode,patient_identifier_value,patient.identifier.value,string,,,,0,,resources,,,,,
Laborwerte (LOINC),concept_cd,i2b2miracum.observation_fact,,i2b2,postgres,start_date,,dt.laboratory,observation_code_coding_code,observation.code.coding.code,string,"{""regex"":[""^(LOINC\\:)[[:digit:]]{2,5}\\-[[:digit:]]{1}$""]}",,,1,Die Laborwerte als LOINC Codes.,observation_fact,,,concept_cd LIKE 'LOINC%',1,
Fallnummer,encounter_num,i2b2miracum.observation_fact,,i2b2,postgres,start_date,,dt.laboratory,encounter_identifier_value,encounter.identifier.value,string,,,,0,,observation_fact,,,,,
Laborwerte (LOINC),loinc_code,laboratory_p21,,p21staging,postgres,,,dt.laboratory,observation_code_coding_code,observation.code.coding.code,string,"{""regex"":[""^[[:digit:]]{2,5}\\-[[:digit:]]{1}$""]}",,,1,Die Laborwerte als LOINC Codes.,laboratory_p21,,,,1,
Fallnummer,case_id,laboratory_p21,,p21staging,postgres,,,dt.laboratory,encounter_identifier_value,encounter.identifier.value,string,,,,0,,laboratory_p21,,,,,
Laborwerte (LOINC),code.coding.code,resources,,fhirgw,postgres,,,dt.laboratory,observation_code_coding_code,observation.code.coding.code,string,"{""regex"":[""^[[:digit:]]{2,5}\\-[[:digit:]]{1}$""]}",,,1,Die Laborwerte als LOINC Codes.,resources,,,type = 'Observation' AND DATA -> 'meta' ->> 'source' = '#laboratory',1,
Fallnummer,encounter.reference,resources,,fhirgw,postgres,,,dt.laboratory,encounter_identifier_value,encounter.identifier.value,string,,,,0,,resources,,,,,
Entlassungsdatum,ENTLASSUNGSDATUM,FALL.CSV,,p21csv,csv,,,dt.encounterend,encounter_period_end,encounter.period.end,calendar,,,,1,Es ist das Entlassungs-/Verlegungsdatum (Tag und Uhrzeit) aus der vollstationären oder teilstationären Behandlung anzugeben. (Bei interner Verlegung in einen anderen Entgeltbereich ohne nachfolgende Rückverlegung wird das Verlegungsdatum angegeben; die Behandlungsepisode in dem anderen Entgeltbereich wird als gesonderter Fall dokumentiert.) Bei nur vorstationär behandelten Fällen ist das Entlassungsdatum der letzte vorstationäre Behandlungstag.  ,,,,,,
Entlassungsdatum,end_date,i2b2miracum.visit_dimension,,i2b2,postgres,start_date,,dt.encounterend,encounter_period_end,encounter.period.end,calendar,%Y-%m-%d,,,1,Es ist das Entlassungs-/Verlegungsdatum (Tag und Uhrzeit) aus der vollstationären oder teilstationären Behandlung anzugeben. (Bei interner Verlegung in einen anderen Entgeltbereich ohne nachfolgende Rückverlegung wird das Verlegungsdatum angegeben; die Behandlungsepisode in dem anderen Entgeltbereich wird als gesonderter Fall dokumentiert.) Bei nur vorstationär behandelten Fällen ist das Entlassungsdatum der letzte vorstationäre Behandlungstag.  ,visit_dimension,,,,,
Fallnummer,encounter_num,i2b2miracum.visit_dimension,,i2b2,postgres,start_date,,dt.encounterend,encounter_identifier_value,encounter.identifier.value,string,,,,0,,visit_dimension,,,,,
Entlassungsdatum,visit_end_date,visit_occurrence,,omop,postgres,,,dt.encounterend,encounter_period_end,encounter.period.end,calendar,,,,1,Es ist das Entlassungs-/Verlegungsdatum (Tag und Uhrzeit) aus der vollstationären oder teilstationären Behandlung anzugeben. (Bei interner Verlegung in einen anderen Entgeltbereich ohne nachfolgende Rückverlegung wird das Verlegungsdatum angegeben; die Behandlungsepisode in dem anderen Entgeltbereich wird als gesonderter Fall dokumentiert.) Bei nur vorstationär behandelten Fällen ist das Entlassungsdatum der letzte vorstationäre Behandlungstag.  ,visit_occurence,,,,,
Fallnummer,visit_occurrence_id,visit_occurrence,,omop,postgres,,,dt.encounterend,encounter_identifier_value,encounter.identifier.value,string,,,,0,,visit_occurence,,,,,
Entlassungsdatum,Entlassungsdatum,p21.fall,,p21staging,postgres,Aufnahmedatum,%Y%m%d%H%M,dt.encounterend,encounter_period_end,encounter.period.end,calendar,,,,1,Es ist das Entlassungs-/Verlegungsdatum (Tag und Uhrzeit) aus der vollstationären oder teilstationären Behandlung anzugeben. (Bei interner Verlegung in einen anderen Entgeltbereich ohne nachfolgende Rückverlegung wird das Verlegungsdatum angegeben; die Behandlungsepisode in dem anderen Entgeltbereich wird als gesonderter Fall dokumentiert.) Bei nur vorstationär behandelten Fällen ist das Entlassungsdatum der letzte vorstationäre Behandlungstag.  ,fall,,,Aufnahmeanlass != 'B' OR Aufnahmeanlass IS NULL,,
Fallnummer,KH-internes-Kennzeichen,p21.fall,,p21staging,postgres,Aufnahmedatum,%Y%m%d%H%M,dt.encounterend,encounter_identifier_value,encounter.identifier.value,string,,,,0,,fall,,,,,
Entlassungsdatum,period.end,resources,,fhirgw,postgres,,,dt.encounterend,encounter_period_end,encounter.period.end,calendar,,,,1,Es ist das Entlassungs-/Verlegungsdatum (Tag und Uhrzeit) aus der vollstationären oder teilstationären Behandlung anzugeben. (Bei interner Verlegung in einen anderen Entgeltbereich ohne nachfolgende Rückverlegung wird das Verlegungsdatum angegeben; die Behandlungsepisode in dem anderen Entgeltbereich wird als gesonderter Fall dokumentiert.) Bei nur vorstationär behandelten Fällen ist das Entlassungsdatum der letzte vorstationäre Behandlungstag.  ,resources,,,type = 'Encounter',,
Fallnummer,id,resources,,fhirgw,postgres,,,dt.encounterend,encounter_identifier_value,encounter.identifier.value,string,,,,0,,resources,,,,,
Aufnahmedatum,AUFNAHMEDATUM,FALL.CSV,,p21csv,csv,,,dt.encounterstart,encounter_period_start,encounter.period.start,calendar,,,,1,"Es ist das Aufnahmedatum (Aufnahmetag und Aufnahmeuhrzeit) zur vollstationären oder teilstationären Behandlung anzugeben.  
Bei nur vorstationär behandelten Fällen ist das Aufnahmedatum der erste vorstationäre Behandlungstag.  ",,,,,,
Aufnahmedatum,start_date,i2b2miracum.visit_dimension,,i2b2,postgres,start_date,,dt.encounterstart,encounter_period_start,encounter.period.start,calendar,%Y-%m-%d,,,1,"Es ist das Aufnahmedatum (Aufnahmetag und Aufnahmeuhrzeit) zur vollstationären oder teilstationären Behandlung anzugeben.  
Bei nur vorstationär behandelten Fällen ist das Aufnahmedatum der erste vorstationäre Behandlungstag.  ",visit_dimension,,,,,
Fallnummer,encounter_num,i2b2miracum.visit_dimension,,i2b2,postgres,start_date,,dt.encounterstart,encounter_identifier_value,encounter.identifier.value,string,,,,0,,visit_dimension,,,,,
Aufnahmedatum,visit_start_date,visit_occurrence,,omop,postgres,,,dt.encounterstart,encounter_period_start,encounter.period.start,calendar,,,,1,"Es ist das Aufnahmedatum (Aufnahmetag und Aufnahmeuhrzeit) zur vollstationären oder teilstationären Behandlung anzugeben.  
Bei nur vorstationär behandelten Fällen ist das Aufnahmedatum der erste vorstationäre Behandlungstag.  ",visit_occurence,,,,,
Fallnummer,visit_occurrence_id,visit_occurrence,,omop,postgres,,,dt.encounterstart,encounter_identifier_value,encounter.identifier.value,string,,,,0,,visit_occurence,,,"gender_concept_id IN ('8507', '8532', '8551')",,
Aufnahmedatum,Aufnahmedatum,p21.fall,,p21staging,postgres,Aufnahmedatum,%Y%m%d%H%M,dt.encounterstart,encounter_period_start,encounter.period.start,calendar,,,,1,"Es ist das Aufnahmedatum (Aufnahmetag und Aufnahmeuhrzeit) zur vollstationären oder teilstationären Behandlung anzugeben.  
Bei nur vorstationär behandelten Fällen ist das Aufnahmedatum der erste vorstationäre Behandlungstag.  ",fall,,,Aufnahmeanlass != 'B' OR Aufnahmeanlass IS NULL,,
Fallnummer,KH-internes-Kennzeichen,p21.fall,,p21staging,postgres,Aufnahmedatum,%Y%m%d%H%M,dt.encounterstart,encounter_identifier_value,encounter.identifier.value,string,,,,0,,fall,,,,,
Aufnahmedatum,period.start,resources,,fhirgw,postgres,,,dt.encounterstart,encounter_period_start,encounter.period.start,calendar,,,,1,"Es ist das Aufnahmedatum (Aufnahmetag und Aufnahmeuhrzeit) zur vollstationären oder teilstationären Behandlung anzugeben.  
Bei nur vorstationär behandelten Fällen ist das Aufnahmedatum der erste vorstationäre Behandlungstag.  ",resources,,,type = 'Encounter',,
Fallnummer,id,resources,,fhirgw,postgres,,,dt.encounterstart,encounter_identifier_value,encounter.identifier.value,string,,,,0,,resources,,,,,
Geschlecht,GESCHLECHT,FALL.CSV,,p21csv,csv,,,dt.gender,encounter_subject_patient_gender,encounter.subject.patient.gender,permittedValues,"{""value_set"":[""m, w, x""]}",,,1,"- m männlich  
- w weiblich  
- x unbestimmt  ",,,,,,"{""atemporal"":{""condition_code_coding_code"":{""name"":[""Pl.atemporal.Item01""],""description"":[""Nur bei weiblichen Patientinnen ist eine ICD-Diagnose aus dem ICD-Kapitel XV (ICD O00-O99) (Schwangerschaft, Geburt und Wochenbett) als Krankenhausdiagnose erlaubt.""],""filter"":{""omop"":[""^O[0-9]""],""i2b2"":[""^(ICD10\\:)O[0-9]""],""p21csv"":[""^O[0-9]""],""p21staging"":[""^O[0-9]""],""fhirgw"":[""^O[0-9]""]},""join_crit"":[""encounter_identifier_value""],""constraints"":{""value_set"":{""omop"":[""w""],""i2b2"":[""DEM|GESCHLECHT:w""],""p21csv"":[""w""],""p21staging"":[""w""],""fhirgw"":[""female""]}}},""condition_code_coding_code.1"":{""name"":[""Pl.atemporal.Item02""],""description"":[""Nur bei weiblichen Patientinnen sind bösartige Neubildungen der weiblichen Genitalorgane (ICD C51-C58) als Krankenhausdiagnose erlaubt.""],""filter"":{""omop"":[""^C5[1-8]""],""i2b2"":[""^(ICD10\\:)C5[1-8]""],""p21csv"":[""^C5[1-8]""],""p21staging"":[""^C5[1-8]""],""fhirgw"":[""^C5[1-8]""]},""join_crit"":[""encounter_identifier_value""],""constraints"":{""value_set"":{""omop"":[""w""],""i2b2"":[""DEM|GESCHLECHT:w""],""p21csv"":[""w""],""p21staging"":[""w""],""fhirgw"":[""female""]}}},""condition_code_coding_code.2"":{""name"":[""Pl.atemporal.Item03""],""description"":[""Nur bei männlichen Patienten sind bösartige Neubildungen der männlichen Genitalorgane (ICD C60-C63) als Krankenhausdiagnose erlaubt.""],""filter"":{""omop"":[""^C6[0-3]""],""i2b2"":[""^(ICD10\\:)C6[0-3]""],""p21csv"":[""^C6[0-3]""],""p21staging"":[""^C6[0-3]""],""fhirgw"":[""^C6[0-3]""]},""join_crit"":[""encounter_identifier_value""],""constraints"":{""value_set"":{""omop"":[""m""],""i2b2"":[""DEM|GESCHLECHT:m""],""p21csv"":[""m""],""p21staging"":[""m""],""fhirgw"":[""male""]}}},""encounter_hospitalization_class"":{""name"":[""Pl.atemporal.Item04""],""description"":[""Nur bei weiblichen Patientinnen ist 'stationäre Entbindung' als Aufnahmegrund (05) erlaubt.""],""filter"":{""omop"":[""^05""],""i2b2"":[""^FALL\\|AUFNAHMEGRUND\\:05""],""p21csv"":[""^05""],""p21staging"":[""^05""],""fhirgw"":[""^05""]},""join_crit"":[""encounter_identifier_value""],""constraints"":{""value_set"":{""omop"":[""w""],""i2b2"":[""DEM|GESCHLECHT:w""],""p21csv"":[""w""],""p21staging"":[""w""],""fhirgw"":[""female""]}}}}}"
Geschlecht,concept_cd,i2b2miracum.observation_fact,,i2b2,postgres,start_date,,dt.gender,encounter_subject_patient_gender,encounter.subject.patient.gender,permittedValues,"{""value_set"":[""DEM|GESCHLECHT:m, DEM|GESCHLECHT:w, DEM|GESCHLECHT:d, DEM|GESCHLECHT:x""]}",,,1,"- m männlich  
- w weiblich  
- x unbestimmt  ",observation_fact,,,concept_cd LIKE 'DEM|GESCHLECHT%',,"{""atemporal"":{""condition_code_coding_code"":{""name"":[""Pl.atemporal.Item01""],""description"":[""Nur bei weiblichen Patientinnen ist eine ICD-Diagnose aus dem ICD-Kapitel XV (ICD O00-O99) (Schwangerschaft, Geburt und Wochenbett) als Krankenhausdiagnose erlaubt.""],""filter"":{""omop"":[""^O[0-9]""],""i2b2"":[""^(ICD10\\:)O[0-9]""],""p21csv"":[""^O[0-9]""],""p21staging"":[""^O[0-9]""],""fhirgw"":[""^O[0-9]""]},""join_crit"":[""encounter_identifier_value""],""constraints"":{""value_set"":{""omop"":[""w""],""i2b2"":[""DEM|GESCHLECHT:w""],""p21csv"":[""w""],""p21staging"":[""w""],""fhirgw"":[""female""]}}},""condition_code_coding_code.1"":{""name"":[""Pl.atemporal.Item02""],""description"":[""Nur bei weiblichen Patientinnen sind bösartige Neubildungen der weiblichen Genitalorgane (ICD C51-C58) als Krankenhausdiagnose erlaubt.""],""filter"":{""omop"":[""^C5[1-8]""],""i2b2"":[""^(ICD10\\:)C5[1-8]""],""p21csv"":[""^C5[1-8]""],""p21staging"":[""^C5[1-8]""],""fhirgw"":[""^C5[1-8]""]},""join_crit"":[""encounter_identifier_value""],""constraints"":{""value_set"":{""omop"":[""w""],""i2b2"":[""DEM|GESCHLECHT:w""],""p21csv"":[""w""],""p21staging"":[""w""],""fhirgw"":[""female""]}}},""condition_code_coding_code.2"":{""name"":[""Pl.atemporal.Item03""],""description"":[""Nur bei männlichen Patienten sind bösartige Neubildungen der männlichen Genitalorgane (ICD C60-C63) als Krankenhausdiagnose erlaubt.""],""filter"":{""omop"":[""^C6[0-3]""],""i2b2"":[""^(ICD10\\:)C6[0-3]""],""p21csv"":[""^C6[0-3]""],""p21staging"":[""^C6[0-3]""],""fhirgw"":[""^C6[0-3]""]},""join_crit"":[""encounter_identifier_value""],""constraints"":{""value_set"":{""omop"":[""m""],""i2b2"":[""DEM|GESCHLECHT:m""],""p21csv"":[""m""],""p21staging"":[""m""],""fhirgw"":[""male""]}}},""encounter_hospitalization_class"":{""name"":[""Pl.atemporal.Item04""],""description"":[""Nur bei weiblichen Patientinnen ist 'stationäre Entbindung' als Aufnahmegrund (05) erlaubt.""],""filter"":{""omop"":[""^05""],""i2b2"":[""^FALL\\|AUFNAHMEGRUND\\:05""],""p21csv"":[""^05""],""p21staging"":[""^05""],""fhirgw"":[""^05""]},""join_crit"":[""encounter_identifier_value""],""constraints"":{""value_set"":{""omop"":[""w""],""i2b2"":[""DEM|GESCHLECHT:w""],""p21csv"":[""w""],""p21staging"":[""w""],""fhirgw"":[""female""]}}}}}"
Patientennummer,patient_num,i2b2miracum.observation_fact,,i2b2,postgres,start_date,,dt.gender,encounter_subject_patient_identifier_value,encounter.subject.patient.identifier.value,string,,,,0,,patient_dimension,,,,,
Geschlecht,gender_source_value,person,,omop,postgres,,,dt.gender,encounter_subject_patient_gender,encounter.subject.patient.gender,permittedValues,"{""value_set"":[""m, w, x""]}",,,1,"- m männlich  
- w weiblich  
- x unbestimmt  ",person,,,,,"{""atemporal"":{""condition_code_coding_code"":{""name"":[""Pl.atemporal.Item01""],""description"":[""Nur bei weiblichen Patientinnen ist eine ICD-Diagnose aus dem ICD-Kapitel XV (ICD O00-O99) (Schwangerschaft, Geburt und Wochenbett) als Krankenhausdiagnose erlaubt.""],""filter"":{""omop"":[""^O[0-9]""],""i2b2"":[""^(ICD10\\:)O[0-9]""],""p21csv"":[""^O[0-9]""],""p21staging"":[""^O[0-9]""],""fhirgw"":[""^O[0-9]""]},""join_crit"":[""encounter_identifier_value""],""constraints"":{""value_set"":{""omop"":[""w""],""i2b2"":[""DEM|GESCHLECHT:w""],""p21csv"":[""w""],""p21staging"":[""w""],""fhirgw"":[""female""]}}},""condition_code_coding_code.1"":{""name"":[""Pl.atemporal.Item02""],""description"":[""Nur bei weiblichen Patientinnen sind bösartige Neubildungen der weiblichen Genitalorgane (ICD C51-C58) als Krankenhausdiagnose erlaubt.""],""filter"":{""omop"":[""^C5[1-8]""],""i2b2"":[""^(ICD10\\:)C5[1-8]""],""p21csv"":[""^C5[1-8]""],""p21staging"":[""^C5[1-8]""],""fhirgw"":[""^C5[1-8]""]},""join_crit"":[""encounter_identifier_value""],""constraints"":{""value_set"":{""omop"":[""w""],""i2b2"":[""DEM|GESCHLECHT:w""],""p21csv"":[""w""],""p21staging"":[""w""],""fhirgw"":[""female""]}}},""condition_code_coding_code.2"":{""name"":[""Pl.atemporal.Item03""],""description"":[""Nur bei männlichen Patienten sind bösartige Neubildungen der männlichen Genitalorgane (ICD C60-C63) als Krankenhausdiagnose erlaubt.""],""filter"":{""omop"":[""^C6[0-3]""],""i2b2"":[""^(ICD10\\:)C6[0-3]""],""p21csv"":[""^C6[0-3]""],""p21staging"":[""^C6[0-3]""],""fhirgw"":[""^C6[0-3]""]},""join_crit"":[""encounter_identifier_value""],""constraints"":{""value_set"":{""omop"":[""m""],""i2b2"":[""DEM|GESCHLECHT:m""],""p21csv"":[""m""],""p21staging"":[""m""],""fhirgw"":[""male""]}}},""encounter_hospitalization_class"":{""name"":[""Pl.atemporal.Item04""],""description"":[""Nur bei weiblichen Patientinnen ist 'stationäre Entbindung' als Aufnahmegrund (05) erlaubt.""],""filter"":{""omop"":[""^05""],""i2b2"":[""^FALL\\|AUFNAHMEGRUND\\:05""],""p21csv"":[""^05""],""p21staging"":[""^05""],""fhirgw"":[""^05""]},""join_crit"":[""encounter_identifier_value""],""constraints"":{""value_set"":{""omop"":[""w""],""i2b2"":[""DEM|GESCHLECHT:w""],""p21csv"":[""w""],""p21staging"":[""w""],""fhirgw"":[""female""]}}}}}"
Patientennummer,person_id,person,,omop,postgres,,,dt.gender,encounter_subject_patient_identifier_value,encounter.subject.patient.identifier.value,string,,,,0,,person,,,,,
Geschlecht,Geschlecht,p21.fall,,p21staging,postgres,Aufnahmedatum,%Y%m%d%H%M,dt.gender,encounter_subject_patient_gender,encounter.subject.patient.gender,permittedValues,"{""value_set"":[""m, w, x""]}",,,1,"- m männlich  
- w weiblich  
- x unbestimmt  ",fall,,,Aufnahmeanlass != 'B' OR Aufnahmeanlass IS NULL,,"{""atemporal"":{""condition_code_coding_code"":{""name"":[""Pl.atemporal.Item01""],""description"":[""Nur bei weiblichen Patientinnen ist eine ICD-Diagnose aus dem ICD-Kapitel XV (ICD O00-O99) (Schwangerschaft, Geburt und Wochenbett) als Krankenhausdiagnose erlaubt.""],""filter"":{""omop"":[""^O[0-9]""],""i2b2"":[""^(ICD10\\:)O[0-9]""],""p21csv"":[""^O[0-9]""],""p21staging"":[""^O[0-9]""],""fhirgw"":[""^O[0-9]""]},""join_crit"":[""encounter_identifier_value""],""constraints"":{""value_set"":{""omop"":[""w""],""i2b2"":[""DEM|GESCHLECHT:w""],""p21csv"":[""w""],""p21staging"":[""w""],""fhirgw"":[""female""]}}},""condition_code_coding_code.1"":{""name"":[""Pl.atemporal.Item02""],""description"":[""Nur bei weiblichen Patientinnen sind bösartige Neubildungen der weiblichen Genitalorgane (ICD C51-C58) als Krankenhausdiagnose erlaubt.""],""filter"":{""omop"":[""^C5[1-8]""],""i2b2"":[""^(ICD10\\:)C5[1-8]""],""p21csv"":[""^C5[1-8]""],""p21staging"":[""^C5[1-8]""],""fhirgw"":[""^C5[1-8]""]},""join_crit"":[""encounter_identifier_value""],""constraints"":{""value_set"":{""omop"":[""w""],""i2b2"":[""DEM|GESCHLECHT:w""],""p21csv"":[""w""],""p21staging"":[""w""],""fhirgw"":[""female""]}}},""condition_code_coding_code.2"":{""name"":[""Pl.atemporal.Item03""],""description"":[""Nur bei männlichen Patienten sind bösartige Neubildungen der männlichen Genitalorgane (ICD C60-C63) als Krankenhausdiagnose erlaubt.""],""filter"":{""omop"":[""^C6[0-3]""],""i2b2"":[""^(ICD10\\:)C6[0-3]""],""p21csv"":[""^C6[0-3]""],""p21staging"":[""^C6[0-3]""],""fhirgw"":[""^C6[0-3]""]},""join_crit"":[""encounter_identifier_value""],""constraints"":{""value_set"":{""omop"":[""m""],""i2b2"":[""DEM|GESCHLECHT:m""],""p21csv"":[""m""],""p21staging"":[""m""],""fhirgw"":[""male""]}}},""encounter_hospitalization_class"":{""name"":[""Pl.atemporal.Item04""],""description"":[""Nur bei weiblichen Patientinnen ist 'stationäre Entbindung' als Aufnahmegrund (05) erlaubt.""],""filter"":{""omop"":[""^05""],""i2b2"":[""^FALL\\|AUFNAHMEGRUND\\:05""],""p21csv"":[""^05""],""p21staging"":[""^05""],""fhirgw"":[""^05""]},""join_crit"":[""encounter_identifier_value""],""constraints"":{""value_set"":{""omop"":[""w""],""i2b2"":[""DEM|GESCHLECHT:w""],""p21csv"":[""w""],""p21staging"":[""w""],""fhirgw"":[""female""]}}}}}"
Patientennummer,Patientennummer,p21.fall,,p21staging,postgres,Aufnahmedatum,%Y%m%d%H%M,dt.gender,encounter_subject_patient_identifier_value,encounter.subject.patient.identifier.value,string,,,,0,,fall,,,,,
Geschlecht,gender,resources,,fhirgw,postgres,,,dt.gender,encounter_subject_patient_gender,encounter.subject.patient.gender,permittedValues,"{""value_set"":[""male, female, unknown, other""]}",,,1,"- m männlich  
- w weiblich  
- x unbestimmt  ",resources,,,type = 'Patient',,"{""atemporal"":{""condition_code_coding_code"":{""name"":[""Pl.atemporal.Item01""],""description"":[""Nur bei weiblichen Patientinnen ist eine ICD-Diagnose aus dem ICD-Kapitel XV (ICD O00-O99) (Schwangerschaft, Geburt und Wochenbett) als Krankenhausdiagnose erlaubt.""],""filter"":{""omop"":[""^O[0-9]""],""i2b2"":[""^(ICD10\\:)O[0-9]""],""p21csv"":[""^O[0-9]""],""p21staging"":[""^O[0-9]""],""fhirgw"":[""^O[0-9]""]},""join_crit"":[""encounter_identifier_value""],""constraints"":{""value_set"":{""omop"":[""w""],""i2b2"":[""DEM|GESCHLECHT:w""],""p21csv"":[""w""],""p21staging"":[""w""],""fhirgw"":[""female""]}}},""condition_code_coding_code.1"":{""name"":[""Pl.atemporal.Item02""],""description"":[""Nur bei weiblichen Patientinnen sind bösartige Neubildungen der weiblichen Genitalorgane (ICD C51-C58) als Krankenhausdiagnose erlaubt.""],""filter"":{""omop"":[""^C5[1-8]""],""i2b2"":[""^(ICD10\\:)C5[1-8]""],""p21csv"":[""^C5[1-8]""],""p21staging"":[""^C5[1-8]""],""fhirgw"":[""^C5[1-8]""]},""join_crit"":[""encounter_identifier_value""],""constraints"":{""value_set"":{""omop"":[""w""],""i2b2"":[""DEM|GESCHLECHT:w""],""p21csv"":[""w""],""p21staging"":[""w""],""fhirgw"":[""female""]}}},""condition_code_coding_code.2"":{""name"":[""Pl.atemporal.Item03""],""description"":[""Nur bei männlichen Patienten sind bösartige Neubildungen der männlichen Genitalorgane (ICD C60-C63) als Krankenhausdiagnose erlaubt.""],""filter"":{""omop"":[""^C6[0-3]""],""i2b2"":[""^(ICD10\\:)C6[0-3]""],""p21csv"":[""^C6[0-3]""],""p21staging"":[""^C6[0-3]""],""fhirgw"":[""^C6[0-3]""]},""join_crit"":[""encounter_identifier_value""],""constraints"":{""value_set"":{""omop"":[""m""],""i2b2"":[""DEM|GESCHLECHT:m""],""p21csv"":[""m""],""p21staging"":[""m""],""fhirgw"":[""male""]}}},""encounter_hospitalization_class"":{""name"":[""Pl.atemporal.Item04""],""description"":[""Nur bei weiblichen Patientinnen ist 'stationäre Entbindung' als Aufnahmegrund (05) erlaubt.""],""filter"":{""omop"":[""^05""],""i2b2"":[""^FALL\\|AUFNAHMEGRUND\\:05""],""p21csv"":[""^05""],""p21staging"":[""^05""],""fhirgw"":[""^05""]},""join_crit"":[""encounter_identifier_value""],""constraints"":{""value_set"":{""omop"":[""w""],""i2b2"":[""DEM|GESCHLECHT:w""],""p21csv"":[""w""],""p21staging"":[""w""],""fhirgw"":[""female""]}}}}}"
Patientennummer,id,resources,,fhirgw,postgres,,,dt.gender,encounter_subject_patient_identifier_value,encounter.subject.patient.identifier.value,string,,,,0,,resources,,,,,
Aufnahmegrund,AUFNAHMEGRUND,FALL.CSV,,p21csv,csv,,,dt.hospitalization,encounter_hospitalization_class,encounter.hospitalization.class,string,"{""regex"":[""^([[:digit:]]{1,4})$""]}",,,1,"- 01xx Krankenhausbehandlung, vollstationär 
- 02xx Krankenhausbehandlung, vollstationär mit vorausgegangener vorstationärer Behandlung 
- 03xx Krankenhausbehandlung, teilstationär 
- 04xx vorstationäre Behandlung ohne anschließende vollstationäre Behandlung 
- 05xx stationäre Entbindung 
- 06xx Geburt 
- 08xx Stationäre Aufnahme zur Organentnahme  ",,,,,,
Aufnahmegrund,concept_cd,i2b2miracum.observation_fact,,i2b2,postgres,start_date,,dt.hospitalization,encounter_hospitalization_class,encounter.hospitalization.class,string,"{""regex"":[""^FALL\\|AUFNAHMEGRUND\\:([[:digit:]]{1,4})$""]}",,,1,"- 01xx Krankenhausbehandlung, vollstationär 
- 02xx Krankenhausbehandlung, vollstationär mit vorausgegangener vorstationärer Behandlung 
- 03xx Krankenhausbehandlung, teilstationär 
- 04xx vorstationäre Behandlung ohne anschließende vollstationäre Behandlung 
- 05xx stationäre Entbindung 
- 06xx Geburt 
- 08xx Stationäre Aufnahme zur Organentnahme  ",observation_fact,,,concept_cd LIKE 'FALL|AUFNAHMEGRUND%',,
Fallnummer,encounter_num,i2b2miracum.observation_fact,,i2b2,postgres,start_date,,dt.hospitalization,encounter_identifier_value,encounter.identifier.value,string,,,,0,,observation_fact,,,,,
Aufnahmegrund,observation_source_value,observation,,omop,postgres,,,dt.hospitalization,encounter_hospitalization_class,encounter.hospitalization.class,string,"{""regex"":[""^([[:digit:]]{1,4})$""]}",,,1,"- 01xx Krankenhausbehandlung, vollstationär 
- 02xx Krankenhausbehandlung, vollstationär mit vorausgegangener vorstationärer Behandlung 
- 03xx Krankenhausbehandlung, teilstationär 
- 04xx vorstationäre Behandlung ohne anschließende vollstationäre Behandlung 
- 05xx stationäre Entbindung 
- 06xx Geburt 
- 08xx Stationäre Aufnahme zur Organentnahme  ",observation,,,"observation_type_concept_id = 43542355 AND observation_concept_id NOT IN (4164916, 4194310, 4138807, 4079617, 4146925, 4123917)",,
Fallnummer,visit_occurrence_id,observation,,omop,postgres,,,dt.hospitalization,encounter_identifier_value,encounter.identifier.value,string,,,,0,,observation,,,,,
Aufnahmegrund,Aufnahmegrund,p21.fall,,p21staging,postgres,Aufnahmedatum,%Y%m%d%H%M,dt.hospitalization,encounter_hospitalization_class,encounter.hospitalization.class,string,"{""regex"":[""^([[:digit:]]{1,4})$""]}",,,1,"- 01xx Krankenhausbehandlung, vollstationär 
- 02xx Krankenhausbehandlung, vollstationär mit vorausgegangener vorstationärer Behandlung 
- 03xx Krankenhausbehandlung, teilstationär 
- 04xx vorstationäre Behandlung ohne anschließende vollstationäre Behandlung 
- 05xx stationäre Entbindung 
- 06xx Geburt 
- 08xx Stationäre Aufnahme zur Organentnahme  ",fall,,,Aufnahmeanlass != 'B' OR Aufnahmeanlass IS NULL,,
Fallnummer,KH-internes-Kennzeichen,p21.fall,,p21staging,postgres,Aufnahmedatum,%Y%m%d%H%M,dt.hospitalization,encounter_identifier_value,encounter.identifier.value,string,,,,0,,fall,,,,,
Aufnahmegrund,extension.valueCodeableConcept.coding.code,resources,,fhirgw,postgres,,,dt.hospitalization,encounter_hospitalization_class,encounter.hospitalization.class,string,"{""regex"":[""^([[:digit:]]{1,4})$""]}",,,1,"- 01xx Krankenhausbehandlung, vollstationär 
- 02xx Krankenhausbehandlung, vollstationär mit vorausgegangener vorstationärer Behandlung 
- 03xx Krankenhausbehandlung, teilstationär 
- 04xx vorstationäre Behandlung ohne anschließende vollstationäre Behandlung 
- 05xx stationäre Entbindung 
- 06xx Geburt 
- 08xx Stationäre Aufnahme zur Organentnahme  ",resources,,,type = 'Encounter',,
Fallnummer,id,resources,,fhirgw,postgres,,,dt.hospitalization,encounter_identifier_value,encounter.identifier.value,string,,,,0,,resources,,,,,
Patientennummer,PATIENTENNUMMER,FALL.CSV,,p21csv,csv,,,dt.patient,patient_identifier_value,patient.identifier.value,string,"{""regex"":[""^([[:alnum:]]){1,}""]}",,,1,"Die Patientennummer dient im Rahmen der Kalkulation der Zusammenführung von Fällen (mit unter-schiedlichen KH-internen Kennzeichen), bei denen die Patientennummer angegeben werden muss, zu einem Behandlungsblock. Bei Patienten, die im Datenjahr sowohl im Entgeltbereich „PSY“ als auch im Entgeltbereich „PIA“ behandelt wurden, muss in den jeweiligen Falldaten die Patientennummer angegeben werden. Die Patientennummer ist eine eindeutige und über die Zeit stabile Patienten-Identifikationsnummer.",,,,,1,"{""uniqueness"":{""patient_birthDate"":{""name"":[""Pl.uniqueness.Item01""],""description"":[""Mit jeder Patienten-ID darf nur ein Geburtsjahr assoziiert sein.""]}}}"
Patientennummer,patient_num,i2b2miracum.patient_dimension,,i2b2,postgres,,,dt.patient,patient_identifier_value,patient.identifier.value,string,"{""regex"":[""^([[:alnum:]]){1,}""]}",,,1,"Die Patientennummer dient im Rahmen der Kalkulation der Zusammenführung von Fällen (mit unter-schiedlichen KH-internen Kennzeichen), bei denen die Patientennummer angegeben werden muss, zu einem Behandlungsblock. Bei Patienten, die im Datenjahr sowohl im Entgeltbereich „PSY“ als auch im Entgeltbereich „PIA“ behandelt wurden, muss in den jeweiligen Falldaten die Patientennummer angegeben werden. Die Patientennummer ist eine eindeutige und über die Zeit stabile Patienten-Identifikationsnummer.",patient_dimension,,,,1,"{""uniqueness"":{""patient_birthDate"":{""name"":[""Pl.uniqueness.Item01""],""description"":[""Mit jeder Patienten-ID darf nur ein Geburtsjahr assoziiert sein.""]}}}"
Patientennummer,person_id,person,,omop,postgres,,,dt.patient,patient_identifier_value,patient.identifier.value,string,"{""regex"":[""^([[:alnum:]]){1,}""]}",,,1,"Die Patientennummer dient im Rahmen der Kalkulation der Zusammenführung von Fällen (mit unter-schiedlichen KH-internen Kennzeichen), bei denen die Patientennummer angegeben werden muss, zu einem Behandlungsblock. Bei Patienten, die im Datenjahr sowohl im Entgeltbereich „PSY“ als auch im Entgeltbereich „PIA“ behandelt wurden, muss in den jeweiligen Falldaten die Patientennummer angegeben werden. Die Patientennummer ist eine eindeutige und über die Zeit stabile Patienten-Identifikationsnummer.",observation,,,,1,"{""uniqueness"":{""patient_birthDate"":{""name"":[""Pl.uniqueness.Item01""],""description"":[""Mit jeder Patienten-ID darf nur ein Geburtsjahr assoziiert sein.""]}}}"
Patientennummer,Patientennummer,p21.fall,,p21staging,postgres,Aufnahmedatum,%Y%m%d%H%M,dt.patient,patient_identifier_value,patient.identifier.value,string,"{""regex"":[""^([[:alnum:]]){1,}""]}",,,1,"Die Patientennummer dient im Rahmen der Kalkulation der Zusammenführung von Fällen (mit unter-schiedlichen KH-internen Kennzeichen), bei denen die Patientennummer angegeben werden muss, zu einem Behandlungsblock. Bei Patienten, die im Datenjahr sowohl im Entgeltbereich „PSY“ als auch im Entgeltbereich „PIA“ behandelt wurden, muss in den jeweiligen Falldaten die Patientennummer angegeben werden. Die Patientennummer ist eine eindeutige und über die Zeit stabile Patienten-Identifikationsnummer.",fall,,,Aufnahmeanlass != 'B' OR Aufnahmeanlass IS NULL,1,"{""uniqueness"":{""patient_birthDate"":{""name"":[""Pl.uniqueness.Item01""],""description"":[""Mit jeder Patienten-ID darf nur ein Geburtsjahr assoziiert sein.""]}}}"
Patientennummer,id,resources,,fhirgw,postgres,,,dt.patient,patient_identifier_value,patient.identifier.value,string,"{""regex"":[""^([[:alnum:]]){1,}""]}",,,1,"Die Patientennummer dient im Rahmen der Kalkulation der Zusammenführung von Fällen (mit unter-schiedlichen KH-internen Kennzeichen), bei denen die Patientennummer angegeben werden muss, zu einem Behandlungsblock. Bei Patienten, die im Datenjahr sowohl im Entgeltbereich „PSY“ als auch im Entgeltbereich „PIA“ behandelt wurden, muss in den jeweiligen Falldaten die Patientennummer angegeben werden. Die Patientennummer ist eine eindeutige und über die Zeit stabile Patienten-Identifikationsnummer.",resources,,,type = 'Patient',1,"{""uniqueness"":{""patient_birthDate"":{""name"":[""Pl.uniqueness.Item01""],""description"":[""Mit jeder Patienten-ID darf nur ein Geburtsjahr assoziiert sein.""]}}}"
Prozeduren (OPS),OPS_Kode,OPS.CSV,,p21csv,csv,,,dt.procedure,procedure_code_coding_code,procedure.code.coding.code,string,"{""regex"":[""^([[:digit:]]{1})(\\-)?([[:digit:]]{2})([[:lower:]]{1}|([[:digit:]]{1}))((\\.)?([[:alnum:]]){1,2})?$""]}",,,1,"Prozedurenschlüssel sind in der gültigen OPS-Version analog zur § 301-Vereinbarung zu übermitteln: d.h. ohne Sonderzeichen.  
Zur Reihenfolge der Prozedurenschlüssel für Fälle im KHEntgG-Entgeltbereich siehe DKR.  ",,,,,1,
Fallnummer,KH_internes_Kennzeichen,OPS.CSV,,p21csv,csv,,,dt.procedure,procedure_encounter_identifier_value,procedure.encounter.identifier.value,string,,,,0,,,,,,,
Prozeduren (OPS),concept_cd,i2b2miracum.observation_fact,,i2b2,postgres,start_date,,dt.procedure,procedure_code_coding_code,procedure.code.coding.code,string,"{""regex"":[""^(OPS\\:)([[:digit:]]{1})(\\-)([[:digit:]]{2})([[:lower:]]{1}|([[:digit:]]{1}))((\\.)([[:alnum:]]){1,2})?$""]}",,,1,"Prozedurenschlüssel sind in der gültigen OPS-Version analog zur § 301-Vereinbarung zu übermitteln: d.h. ohne Sonderzeichen.  
Zur Reihenfolge der Prozedurenschlüssel für Fälle im KHEntgG-Entgeltbereich siehe DKR.  ",observation_fact,,,concept_cd LIKE 'OPS%',1,
Fallnummer,encounter_num,i2b2miracum.observation_fact,,i2b2,postgres,start_date,,dt.procedure,procedure_encounter_identifier_value,procedure.encounter.identifier.value,string,,,,0,,observation_fact,,,,,
Prozeduren (OPS),procedure_source_value,procedure_occurrence,,omop,postgres,,,dt.procedure,procedure_code_coding_code,procedure.code.coding.code,string,"{""regex"":[""^([[:digit:]]{1})(\\-)([[:digit:]]{2})([[:lower:]]{1}|([[:digit:]]{1}))((\\.)([[:alnum:]]){1,2})?$""]}",,,1,"Prozedurenschlüssel sind in der gültigen OPS-Version analog zur § 301-Vereinbarung zu übermitteln: d.h. ohne Sonderzeichen.  
Zur Reihenfolge der Prozedurenschlüssel für Fälle im KHEntgG-Entgeltbereich siehe DKR.  ",procedure_occurrence,,,,1,
Fallnummer,visit_occurrence_id,procedure_occurrence,,omop,postgres,,,dt.procedure,procedure_encounter_identifier_value,procedure.encounter.identifier.value,string,,,,0,,observation,,,,,
Prozeduren (OPS),OPS-Kode,p21.ops,,p21staging,postgres,OPS-Datum,%Y%m%d%H%M,dt.procedure,procedure_code_coding_code,procedure.code.coding.code,string,"{""regex"":[""^([[:digit:]]{1})(\\-)?([[:digit:]]{2})([[:lower:]]{1}|([[:digit:]]{1}))((\\.)?([[:alnum:]]){1,2})?$""]}",,,1,"Prozedurenschlüssel sind in der gültigen OPS-Version analog zur § 301-Vereinbarung zu übermitteln: d.h. ohne Sonderzeichen.  
Zur Reihenfolge der Prozedurenschlüssel für Fälle im KHEntgG-Entgeltbereich siehe DKR.  ",ops,,,,1,
Fallnummer,KH-internes-Kennzeichen,p21.ops,,p21staging,postgres,OPS-Datum,%Y%m%d%H%M,dt.procedure,procedure_encounter_identifier_value,procedure.encounter.identifier.value,string,,,,0,,ops,,,,,
Prozeduren (OPS),code.coding.code,resources,,fhirgw,postgres,,,dt.procedure,procedure_code_coding_code,procedure.code.coding.code,string,"{""regex"":[""^([[:digit:]]{1})(\\-)?([[:digit:]]{2})([[:lower:]]{1}|([[:digit:]]{1}))((\\.)?([[:alnum:]]){1,2})?$""]}",,,1,"Prozedurenschlüssel sind in der gültigen OPS-Version analog zur § 301-Vereinbarung zu übermitteln: d.h. ohne Sonderzeichen.  
Zur Reihenfolge der Prozedurenschlüssel für Fälle im KHEntgG-Entgeltbereich siehe DKR.  ",resources,,,type = 'Procedure',1,
Fallnummer,encounter.reference,resources,,fhirgw,postgres,,,dt.procedure,procedure_encounter_identifier_value,procedure.encounter.identifier.value,string,,,,0,,resources,,,,,
Medikation (OPS),OPS_Kode,OPS.CSV,"{""filter_var"":[""procedure_code_coding_code""],""filter_logic"":[""6\\-00""]}",p21csv,csv,,,dt.procedure_medication,procedure_code_coding_code,procedure.code.coding.code,string,"{""regex"":[""^(6(\\-)?(00))([[:lower:]]{1}|([[:digit:]]{1}))((\\.)?([[:alnum:]]){1,2})?$""]}",,,1,Die aus den Prozedurenschlüsseln abgeleiteten Informationen bzgl. Medikation.,,,,,1,
Medikation (OPS),concept_cd,i2b2miracum.observation_fact,,i2b2,postgres,start_date,,dt.procedure_medication,procedure_code_coding_code,procedure.code.coding.code,string,"{""regex"":[""^(OPS\\:6\\-00)([[:lower:]]{1}|([[:digit:]]{1}))((\\.)([[:alnum:]]){1,2})?$""]}",,,1,Die aus den Prozedurenschlüsseln abgeleiteten Informationen bzgl. Medikation.,observation_fact,,,concept_cd LIKE 'OPS:6-00%',1,
Fallnummer,encounter_num,i2b2miracum.observation_fact,,i2b2,postgres,start_date,,dt.procedure_medication,procedure_encounter_identifier_value,procedure.encounter.identifier.value,string,,,,0,,observation_fact,,,,,
Medikation (OPS),procedure_source_value,procedure_occurrence,,omop,postgres,,,dt.procedure_medication,procedure_code_coding_code,procedure.code.coding.code,string,"{""regex"":[""^(6\\-00)([[:lower:]]{1}|([[:digit:]]{1}))((\\.)([[:alnum:]]){1,2})?$""]}",,,1,Die aus den Prozedurenschlüsseln abgeleiteten Informationen bzgl. Medikation.,procedure_occurrence,,,procedure_source_value LIKE '6-00%',1,
Fallnummer,visit_occurrence_id,procedure_occurrence,,omop,postgres,,,dt.procedure_medication,procedure_encounter_identifier_value,procedure.encounter.identifier.value,string,,,,0,,observation,,,,,
Medikation (OPS),OPS-Kode,p21.ops,,p21staging,postgres,OPS-Datum,%Y%m%d%H%M,dt.procedure_medication,procedure_code_coding_code,procedure.code.coding.code,string,"{""regex"":[""^(6(\\-)?(00))([[:lower:]]{1}|([[:digit:]]{1}))((\\.)?([[:alnum:]]){1,2})?$""]}",,,1,Die aus den Prozedurenschlüsseln abgeleiteten Informationen bzgl. Medikation.,ops,,,OPS-Kode LIKE '6-00%',1,
Fallnummer,KH-internes-Kennzeichen,p21.ops,,p21staging,postgres,OPS-Datum,%Y%m%d%H%M,dt.procedure_medication,procedure_encounter_identifier_value,procedure.encounter.identifier.value,string,,,,0,,ops,,,,,
OPS Datum,OPS_Datum,OPS.CSV,,p21csv,csv,,,dt.proceduredate,procedure_performedDateTime,procedure.performedDateTime,calendar,,,,1,"Es ist der Beginn der Prozedur anzugeben. Bei Prozeduren, für die keine Startzeit (HHMM) erfasst ist, kann ‚JJJJMMTT0000' angegeben werden.",,,,,,
OPS Datum,start_date,i2b2miracum.observation_fact,,i2b2,postgres,start_date,,dt.proceduredate,procedure_performedDateTime,procedure.performedDateTime,calendar,%Y-%m-%d,,,1,"Es ist der Beginn der Prozedur anzugeben. Bei Prozeduren, für die keine Startzeit (HHMM) erfasst ist, kann ‚JJJJMMTT0000' angegeben werden.",observation_fact,,,concept_cd LIKE 'OPS%',,
Fallnummer,encounter_num,i2b2miracum.observation_fact,,i2b2,postgres,start_date,,dt.proceduredate,procedure_encounter_identifier_value,procedure.encounter.identifier.value,string,,,,0,,observation_fact,,,,,
OPS Datum,procedure_date,procedure_occurrence,,omop,postgres,,,dt.proceduredate,procedure_performedDateTime,procedure.performedDateTime,calendar,,,,1,"Es ist der Beginn der Prozedur anzugeben. Bei Prozeduren, für die keine Startzeit (HHMM) erfasst ist, kann ‚JJJJMMTT0000' angegeben werden.",procedure_occurrence,,,,,
Fallnummer,visit_occurrence_id,procedure_occurrence,,omop,postgres,,,dt.proceduredate,procedure_encounter_identifier_value,procedure.encounter.identifier.value,string,,,,0,,procedure_occurrence,,,,,
OPS Datum,OPS-Datum,p21.ops,,p21staging,postgres,OPS-Datum,%Y%m%d%H%M,dt.proceduredate,procedure_performedDateTime,procedure.performedDateTime,calendar,,,,1,"Es ist der Beginn der Prozedur anzugeben. Bei Prozeduren, für die keine Startzeit (HHMM) erfasst ist, kann ‚JJJJMMTT0000' angegeben werden.",ops,,,,,
Fallnummer,KH-internes-Kennzeichen,p21.ops,,p21staging,postgres,OPS-Datum,%Y%m%d%H%M,dt.proceduredate,procedure_encounter_identifier_value,procedure.encounter.identifier.value,string,,,,0,,ops,,,,,
OPS Datum,performedDateTime,resources,,fhirgw,postgres,,,dt.proceduredate,procedure_performedDateTime,procedure.performedDateTime,calendar,,,,1,"Es ist der Beginn der Prozedur anzugeben. Bei Prozeduren, für die keine Startzeit (HHMM) erfasst ist, kann ‚JJJJMMTT0000' angegeben werden.",resources,,,type = 'Procedure',,
Fallnummer,encounter.reference,resources,,fhirgw,postgres,,,dt.proceduredate,procedure_encounter_identifier_value,procedure.encounter.identifier.value,string,,,,0,,resources,,,,,
Alter (in Tagen),ALTER_IN_TAGEN_AM_AUFNAHMETAG,FALL.CSV,,p21csv,csv,,,dt.ageindays,encounter_subject_patient_age_days,undefined,integer,"{""range"":{""min"":[0],""max"":[366],""unit"":[""d""]}}",0,,1,Die Angabe erfolgt nur bei Kindern bis zur Vollendung des 1. Lebensjahrs. Sie wird für die DRG-Zuordnung benötigt. Bei Neugeborenen mit Aufnahmetag=Geburtsdatum ist „1“ anzugeben.,,,,,,
Alter (in Tagen),nval_num,i2b2miracum.observation_fact,,i2b2,postgres,start_date,,dt.ageindays,encounter_subject_patient_age_days,undefined,integer,"{""range"":{""min"":[0],""max"":[366],""unit"":[""d""]}}",0,,1,Die Angabe erfolgt nur bei Kindern bis zur Vollendung des 1. Lebensjahrs. Sie wird für die DRG-Zuordnung benötigt. Bei Neugeborenen mit Aufnahmetag=Geburtsdatum ist „1“ anzugeben.,observation_fact,,,concept_cd LIKE 'DEM|AUFNAHMEALTERTAGE%',,
Fallnummer,encounter_num,i2b2miracum.observation_fact,,i2b2,postgres,start_date,,dt.ageindays,encounter_identifier_value,encounter.identifier.value,string,,,,0,,observation_fact,,,,,
Alter (in Tagen),observation_source_value,observation,,omop,postgres,,,dt.ageindays,encounter_subject_patient_age_days,undefined,integer,"{""range"":{""min"":[0],""max"":[366],""unit"":[""d""]}}",0,,1,Die Angabe erfolgt nur bei Kindern bis zur Vollendung des 1. Lebensjahrs. Sie wird für die DRG-Zuordnung benötigt. Bei Neugeborenen mit Aufnahmetag=Geburtsdatum ist „1“ anzugeben.,observation,,,observation_concept_id = 4265453 AND unit_concept_id = 8512,,
Fallnummer,visit_occurrence_id,observation,,omop,postgres,,,dt.ageindays,encounter_identifier_value,encounter.identifier.value,string,,,,0,,observation,,,,,
Alter (in Tagen),Alter-in-Tagen-am-Aufnahmetag,p21.fall,,p21staging,postgres,Aufnahmedatum,%Y%m%d%H%M,dt.ageindays,encounter_subject_patient_age_days,undefined,integer,"{""range"":{""min"":[0],""max"":[366],""unit"":[""d""]}}",0,,1,Die Angabe erfolgt nur bei Kindern bis zur Vollendung des 1. Lebensjahrs. Sie wird für die DRG-Zuordnung benötigt. Bei Neugeborenen mit Aufnahmetag=Geburtsdatum ist „1“ anzugeben.,fall,,,Aufnahmeanlass != 'B' OR Aufnahmeanlass IS NULL,,
Fallnummer,KH-internes-Kennzeichen,p21.fall,,p21staging,postgres,Aufnahmedatum,%Y%m%d%H%M,dt.ageindays,encounter_identifier_value,encounter.identifier.value,string,,,,0,,fall,,,,,
Alter (in Jahren),ALTER_IN_JAHREN_AM_AUFNAHMETAG,FALL.CSV,,p21csv,csv,,,dt.ageinyears,encounter_subject_patient_age_years,undefined,integer,"{""range"":{""min"":[1],""max"":[150],""unit"":[""a""]}}",5,,1,Die Altersangabe wird für die DRG-Zuordnung benötigt.,,,,,,
Alter (in Jahren),nval_num,i2b2miracum.observation_fact,,i2b2,postgres,start_date,,dt.ageinyears,encounter_subject_patient_age_years,undefined,integer,"{""range"":{""min"":[1],""max"":[150],""unit"":[""a""]}}",5,,1,Die Altersangabe wird für die DRG-Zuordnung benötigt.,observation_fact,,,concept_cd LIKE 'DEM|AUFNAHMEALTERJAHRE%',,
Fallnummer,encounter_num,i2b2miracum.observation_fact,,i2b2,postgres,start_date,,dt.ageinyears,encounter_identifier_value,encounter.identifier.value,string,,,,0,,observation_fact,,,,,
Alter (in Jahren),observation_source_value,observation,,omop,postgres,,,dt.ageinyears,encounter_subject_patient_age_years,undefined,integer,"{""range"":{""min"":[1],""max"":[150],""unit"":[""a""]}}",5,,1,Die Altersangabe wird für die DRG-Zuordnung benötigt.,observation,,,observation_concept_id = 4265453 AND unit_concept_id = 9448,,
Fallnummer,visit_occurrence_id,observation,,omop,postgres,,,dt.ageinyears,encounter_identifier_value,encounter.identifier.value,string,,,,0,,observation,,,,,
Alter (in Jahren),Alter-in-Jahren-am-Aufnahmetag,p21.fall,,p21staging,postgres,Aufnahmedatum,%Y%m%d%H%M,dt.ageinyears,encounter_subject_patient_age_years,undefined,integer,"{""range"":{""min"":[1],""max"":[150],""unit"":[""a""]}}",5,,1,Die Altersangabe wird für die DRG-Zuordnung benötigt.,fall,,,Aufnahmeanlass != 'B' OR Aufnahmeanlass IS NULL,,
Fallnummer,KH-internes-Kennzeichen,p21.fall,,p21staging,postgres,Aufnahmedatum,%Y%m%d%H%M,dt.ageinyears,encounter_identifier_value,encounter.identifier.value,string,,,,0,,fall,,,,,
Geburtsjahr,GEBURTSJAHR,FALL.CSV,,p21csv,csv,,,dt.birthdate,patient_birthDate,patient.birthDate,string,"{""regex"":[""^(19|20)([[:digit:]]{2})((-[[:digit:]]{2}){2})?$""]}",,,1,Das Geburtsjahr ist im Format JJJJ anzugeben.,,,,,,
Geburtsjahr,birth_date,i2b2miracum.patient_dimension,,i2b2,postgres,,,dt.birthdate,patient_birthDate,patient.birthDate,string,"{""regex"":[""^(19|20)([[:digit:]]{2})((-[[:digit:]]{2}){2})?$""]}",,,1,Das Geburtsjahr ist im Format JJJJ anzugeben.,patient_dimension,,,,,
Patientennummer,patient_num,i2b2miracum.patient_dimension,,i2b2,postgres,,,dt.birthdate,patient_identifier_value,patient.identifier.value,string,,,,0,,patient_dimension,,,,,
Geburtsjahr,year_of_birth,person,,omop,postgres,,,dt.birthdate,patient_birthDate,patient.birthDate,string,"{""regex"":[""^(19|20)([[:digit:]]{2})((-[[:digit:]]{2}){2})?$""]}",,,1,Das Geburtsjahr ist im Format JJJJ anzugeben.,person,,,,,
Patientennummer,person_id,person,,omop,postgres,,,dt.birthdate,patient_identifier_value,patient.identifier.value,string,,,,0,,observation,,,,,
Geburtsjahr,Geburtsjahr,p21.fall,,p21staging,postgres,Aufnahmedatum,%Y%m%d%H%M,dt.birthdate,patient_birthDate,patient.birthDate,string,"{""regex"":[""^(19|20)([[:digit:]]{2})((-[[:digit:]]{2}){2})?$""]}",,,1,Das Geburtsjahr ist im Format JJJJ anzugeben.,fall,,,Aufnahmeanlass != 'B' OR Aufnahmeanlass IS NULL,,
Patientennummer,Patientennummer,p21.fall,,p21staging,postgres,Aufnahmedatum,%Y%m%d%H%M,dt.birthdate,patient_identifier_value,patient.identifier.value,string,,,,0,,fall,,,,,
Geburtsjahr,birthDate,resources,,fhirgw,postgres,,,dt.birthdate,patient_birthDate,patient.birthDate,string,"{""regex"":[""^(19|20)([[:digit:]]{2})((-[[:digit:]]{2}){2})?$""]}",,,1,Das Geburtsjahr ist im Format JJJJ anzugeben.,resources,,,type = 'Patient',,
Patientennummer,id,resources,,fhirgw,postgres,,,dt.birthdate,patient_identifier_value,patient.identifier.value,string,,,,0,,resources,,,,,
Hauptdiagnosen (ICD),ICD_Kode,ICD.CSV,"{""filter_var"":[""encounter_diagnosis_rank""],""filter_logic"":[""HD""]}",p21csv,csv,,,dt.condition_principal,condition_code_coding_code,condition.code.coding.code,string,"{""regex"":[""^([[:upper:]]){1}([[:digit:]]{1,2})((\\.)([[:digit:]]{1,2}))?(\\+|\\*|\\!)?$""]}",,,1,"Diagnoseschlüssel sind in der gültigen ICD-10GM-Version analog zur § 301-Vereinbarung zu übermitteln: d.h. mit Sonderzeichen.  
Als erste Diagnose soll die Hauptdiagnose (Diagnoseart: ‚HD') übermittelt werden.  ",,,,,1,
Hauptdiagnosen (ICD),concept_cd,i2b2miracum.observation_fact,,i2b2,postgres,start_date,,dt.condition_principal,condition_code_coding_code,condition.code.coding.code,string,"{""regex"":[""^(ICD10\\:)([[:upper:]]){1}([[:digit:]]{1,2})((\\.)([[:digit:]]{1,2}))?(\\+|\\*|\\!)?$""]}",,,1,"Diagnoseschlüssel sind in der gültigen ICD-10GM-Version analog zur § 301-Vereinbarung zu übermitteln: d.h. mit Sonderzeichen.  
Als erste Diagnose soll die Hauptdiagnose (Diagnoseart: ‚HD') übermittelt werden.  ",observation_fact,,,"concept_cd LIKE 'ICD%' AND modifier_cd = 'DIAGNOSEART:HD' AND observation_blob NOT LIKE 'Code 2 from%'
",1,
Fallnummer,encounter_num,i2b2miracum.observation_fact,,i2b2,postgres,start_date,,dt.condition_principal,condition_encounter_identifier_value,condition.encounter.identifier.value,string,,,,0,,observation_fact,,,,,"{""uniqueness"":{""encounter_diagnosis_rank"":{""name"":[""Pl.uniqueness.Item03""],""description"":[""Mit jeder Fallnummer darf nur eine Hauptdiagnose assoziiert sein.""],""all_observations"":[""1""],""filter"":{""i2b2"":[""DIAGNOSEART:HD""],""p21csv"":[""HD""],""p21staging"":[""HD""],""omop"":[""44786627""]}}}}"
Hauptdiagnosen (ICD),ICD-Kode,p21.icd,,p21staging,postgres,,,dt.condition_principal,condition_code_coding_code,condition.code.coding.code,string,"{""regex"":[""^([[:upper:]]){1}([[:digit:]]{1,2})((\\.)([[:digit:]]{1,2}))?(\\+|\\*|\\!)?$""]}",,,1,"Diagnoseschlüssel sind in der gültigen ICD-10GM-Version analog zur § 301-Vereinbarung zu übermitteln: d.h. mit Sonderzeichen.  
Als erste Diagnose soll die Hauptdiagnose (Diagnoseart: ‚HD') übermittelt werden.  ",icd,,,Diagnoseart = 'HD',1,
Fallnummer,KH-internes-Kennzeichen,p21.icd,,p21staging,postgres,,,dt.condition_principal,condition_encounter_identifier_value,condition.encounter.identifier.value,string,,,,0,,icd,,,,,
Nebendiagnosen (ICD),ICD_Kode,ICD.CSV,"{""filter_var"":[""encounter_diagnosis_rank""],""filter_logic"":[""ND""]}",p21csv,csv,,,dt.condition_secondary,condition_code_coding_code_rank2,condition.code.coding.code,string,"{""regex"":[""^([[:upper:]]){1}([[:digit:]]{1,2})((\\.)([[:digit:]]{1,2}))?(\\+|\\*|\\!)?$""]}",,,1,"Diagnoseschlüssel sind in der gültigen ICD-10GM-Version analog zur § 301-Vereinbarung zu übermitteln: d.h. mit Sonderzeichen.  
Als erste Diagnose soll die Hauptdiagnose (Diagnoseart: ‚HD') übermittelt werden.  ",,,,,1,
Nebendiagnosen (ICD),concept_cd,i2b2miracum.observation_fact,,i2b2,postgres,start_date,,dt.condition_secondary,condition_code_coding_code_rank2,condition.code.coding.code.rank2,string,"{""regex"":[""^(ICD10\\:)([[:upper:]]){1}([[:digit:]]{1,2})((\\.)([[:digit:]]{1,2}))?(\\+|\\*|\\!)?$""]}",,,1,"Diagnoseschlüssel sind in der gültigen ICD-10GM-Version analog zur § 301-Vereinbarung zu übermitteln: d.h. mit Sonderzeichen.  
Als erste Diagnose soll die Hauptdiagnose (Diagnoseart: ‚HD') übermittelt werden.  ",observation_fact,,,concept_cd LIKE 'ICD%' AND modifier_cd = 'DIAGNOSEART:ND' AND observation_blob NOT LIKE 'Code 2 from%',1,
Fallnummer,encounter_num,i2b2miracum.observation_fact,,i2b2,postgres,start_date,,dt.condition_secondary,condition_encounter_identifier_value,condition.encounter.identifier.value,string,,,,0,,observation_fact,,,,,
Nebendiagnosen (ICD),ICD-Kode,p21.icd,,p21staging,postgres,,,dt.condition_secondary,condition_code_coding_code_rank2,condition.code.coding.code,string,"{""regex"":[""^([[:upper:]]){1}([[:digit:]]{1,2})((\\.)([[:digit:]]{1,2}))?(\\+|\\*|\\!)?$""]}",,,1,"Diagnoseschlüssel sind in der gültigen ICD-10GM-Version analog zur § 301-Vereinbarung zu übermitteln: d.h. mit Sonderzeichen.  
Als erste Diagnose soll die Hauptdiagnose (Diagnoseart: ‚HD') übermittelt werden.  ",icd,,,Diagnoseart = 'ND',1,
Fallnummer,KH-internes-Kennzeichen,p21.icd,,p21staging,postgres,,,dt.condition_secondary,condition_encounter_identifier_value,condition.encounter.identifier.value,string,,,,0,,icd,,,,,
Diagnoseart,Diagnoseart,ICD.CSV,,p21csv,csv,,,dt.conditioncategory,encounter_diagnosis_rank,encounter.diagnosis.rank,permittedValues,"{""value_set"":[""HD, ND""]}",,,1,Die Diagnosen sind im KHEntgG-Entgeltbereich entsprechend den Deutschen Kodierrichtlinien (DKR) anzugeben. Bei nur vorstationär behandelten Fällen sind die Begriffe Haupt- und Nebendiagnose nicht definiert und die Aufnahmediagnosen können mit einer beliebigen Diagnoseart übermittelt werden. Bei PIA-Fällen wird für alle Diagnosen immer die Diagnoseart ‚ND' übermittelt.,,,,,,
Diagnoseart,modifier_cd,i2b2miracum.observation_fact,,i2b2,postgres,start_date,,dt.conditioncategory,encounter_diagnosis_rank,encounter.diagnosis.rank,permittedValues,"{""value_set"":[""DIAGNOSEART:HD, DIAGNOSEART:ND""]}",,,1,Die Diagnosen sind im KHEntgG-Entgeltbereich entsprechend den Deutschen Kodierrichtlinien (DKR) anzugeben. Bei nur vorstationär behandelten Fällen sind die Begriffe Haupt- und Nebendiagnose nicht definiert und die Aufnahmediagnosen können mit einer beliebigen Diagnoseart übermittelt werden. Bei PIA-Fällen wird für alle Diagnosen immer die Diagnoseart ‚ND' übermittelt.,observation_fact,,,concept_cd LIKE 'ICD%' AND observation_blob NOT LIKE 'Code 2 from%',,
Fallnummer,encounter_num,i2b2miracum.observation_fact,,i2b2,postgres,start_date,,dt.conditioncategory,condition_encounter_identifier_value,condition.encounter.identifier.value,string,,,,0,,observation_fact,,,,,
Diagnoseart,condition_type_concept_id,condition_occurrence,,omop,postgres,,,dt.conditioncategory,encounter_diagnosis_rank,encounter.diagnosis.rank,permittedValues,"{""value_set"":[""44786627, 44786629""]}",,,1,Die Diagnosen sind im KHEntgG-Entgeltbereich entsprechend den Deutschen Kodierrichtlinien (DKR) anzugeben. Bei nur vorstationär behandelten Fällen sind die Begriffe Haupt- und Nebendiagnose nicht definiert und die Aufnahmediagnosen können mit einer beliebigen Diagnoseart übermittelt werden. Bei PIA-Fällen wird für alle Diagnosen immer die Diagnoseart ‚ND' übermittelt.,condition_occurrence,,,,,
Fallnummer,visit_occurrence_id,condition_occurrence,,omop,postgres,,,dt.conditioncategory,condition_encounter_identifier_value,condition.encounter.identifier.value,string,,,,0,,condition_occurrence,,,,,
Diagnoseart,Diagnoseart,p21.icd,,p21staging,postgres,,,dt.conditioncategory,encounter_diagnosis_rank,encounter.diagnosis.rank,permittedValues,"{""value_set"":[""HD, ND""]}",,,1,Die Diagnosen sind im KHEntgG-Entgeltbereich entsprechend den Deutschen Kodierrichtlinien (DKR) anzugeben. Bei nur vorstationär behandelten Fällen sind die Begriffe Haupt- und Nebendiagnose nicht definiert und die Aufnahmediagnosen können mit einer beliebigen Diagnoseart übermittelt werden. Bei PIA-Fällen wird für alle Diagnosen immer die Diagnoseart ‚ND' übermittelt.,icd,,,,,
Fallnummer,KH-internes-Kennzeichen,p21.icd,,p21staging,postgres,,,dt.conditioncategory,condition_encounter_identifier_value,condition.encounter.identifier.value,string,,,,0,,icd,,,,,
Entlassungsgrund,ENTLASSUNGSGRUND,FALL.CSV,,p21csv,csv,,,dt.discharge,encounter_hospitalization_dischargeDisposition,encounter.hospitalization.dischargeDisposition,string,"{""regex"":[""^[0-2](\\d){1,2}$""]}",,,1,"- 01x Behandlung regulär beendet 
- 02x Behandlung regulär beendet, nachstationäre Behandlung vorgesehen 
- 03x Behandlung aus sonstigen Gründen beendet 
- 04x Behandlung gegen ärztlichen Rat beendet 
- 059 Zuständigkeitswechsel des Kostenträgers (bei tagesbezogenen Entgelten) 
- 069 Verlegung in ein anderes Krankenhaus 
- 079 Tod 
- 089 Verlegung in ein anderes Krankenhaus im Rahmen einer Kooperation 
- 099 Entlassung in eine Rehabilitationseinrichtung 
- 109 Entlassung in eine Pflegeeinrichtung 
- 119 Entlassung in ein Hospiz 
- 139 externe Verlegung zur psychiatrischen Behandlung 
- 14x Behandlung aus sonstigen Gründen beendet, nachstationäre Behandlung vorgesehen 
- 15x Behandlung gegen ärztlichen Rat beendet, nachstationäre Behandlung vorgesehen 
- 179 interne Verlegung mit Wechsel zwischen den Entgeltbereichen der DRG-Fallpauschalen, nach der BPflV oder für besondere Einrichtungen nach § 17b Abs. 1 Satz 15 KHG 
- 229 Fallabschluss (interne Verlegung) bei Wechsel zwischen voll- und teilstationärer Behandlung 
- 239 Beginn eines externen Aufenthalts mit Abwesenheit über Mitternacht (BPflV-Bereich, für verlegende Fachabteilung) 
- 249 Beendigung eines externen Aufenthalts mit Abwesenheit über Mitternacht (BPflV-Bereich, für Pseudo-Fachabteilung 0003) 
- 259 Entlassung zum Jahresende bei Aufnahme im Vorjahr (für Zwecke der Abrechnung, § 4 PEPPV) ",,,,,,
Entlassungsgrund,concept_cd,i2b2miracum.observation_fact,,i2b2,postgres,start_date,,dt.discharge,encounter_hospitalization_dischargeDisposition,encounter.hospitalization.dischargeDisposition,string,"{""regex"":[""^FALL\\|ENTLASSGRUND\\:[0-2](\\d){1,2}$""]}",,,1,"- 01x Behandlung regulär beendet 
- 02x Behandlung regulär beendet, nachstationäre Behandlung vorgesehen 
- 03x Behandlung aus sonstigen Gründen beendet 
- 04x Behandlung gegen ärztlichen Rat beendet 
- 059 Zuständigkeitswechsel des Kostenträgers (bei tagesbezogenen Entgelten) 
- 069 Verlegung in ein anderes Krankenhaus 
- 079 Tod 
- 089 Verlegung in ein anderes Krankenhaus im Rahmen einer Kooperation 
- 099 Entlassung in eine Rehabilitationseinrichtung 
- 109 Entlassung in eine Pflegeeinrichtung 
- 119 Entlassung in ein Hospiz 
- 139 externe Verlegung zur psychiatrischen Behandlung 
- 14x Behandlung aus sonstigen Gründen beendet, nachstationäre Behandlung vorgesehen 
- 15x Behandlung gegen ärztlichen Rat beendet, nachstationäre Behandlung vorgesehen 
- 179 interne Verlegung mit Wechsel zwischen den Entgeltbereichen der DRG-Fallpauschalen, nach der BPflV oder für besondere Einrichtungen nach § 17b Abs. 1 Satz 15 KHG 
- 229 Fallabschluss (interne Verlegung) bei Wechsel zwischen voll- und teilstationärer Behandlung 
- 239 Beginn eines externen Aufenthalts mit Abwesenheit über Mitternacht (BPflV-Bereich, für verlegende Fachabteilung) 
- 249 Beendigung eines externen Aufenthalts mit Abwesenheit über Mitternacht (BPflV-Bereich, für Pseudo-Fachabteilung 0003) 
- 259 Entlassung zum Jahresende bei Aufnahme im Vorjahr (für Zwecke der Abrechnung, § 4 PEPPV) ",observation_fact,,,concept_cd LIKE 'FALL|ENTLASSGRUND%',,
Fallnummer,encounter_num,i2b2miracum.observation_fact,,i2b2,postgres,start_date,,dt.discharge,encounter_identifier_value,encounter.identifier.value,string,,,,0,,observation_fact,,,,,
Entlassungsgrund,observation_source_value,observation,,omop,postgres,,,dt.discharge,encounter_hospitalization_dischargeDisposition,encounter.hospitalization.dischargeDisposition,string,"{""regex"":[""^[0-2](\\d){1,2}$""]}",,,1,"- 01x Behandlung regulär beendet 
- 02x Behandlung regulär beendet, nachstationäre Behandlung vorgesehen 
- 03x Behandlung aus sonstigen Gründen beendet 
- 04x Behandlung gegen ärztlichen Rat beendet 
- 059 Zuständigkeitswechsel des Kostenträgers (bei tagesbezogenen Entgelten) 
- 069 Verlegung in ein anderes Krankenhaus 
- 079 Tod 
- 089 Verlegung in ein anderes Krankenhaus im Rahmen einer Kooperation 
- 099 Entlassung in eine Rehabilitationseinrichtung 
- 109 Entlassung in eine Pflegeeinrichtung 
- 119 Entlassung in ein Hospiz 
- 139 externe Verlegung zur psychiatrischen Behandlung 
- 14x Behandlung aus sonstigen Gründen beendet, nachstationäre Behandlung vorgesehen 
- 15x Behandlung gegen ärztlichen Rat beendet, nachstationäre Behandlung vorgesehen 
- 179 interne Verlegung mit Wechsel zwischen den Entgeltbereichen der DRG-Fallpauschalen, nach der BPflV oder für besondere Einrichtungen nach § 17b Abs. 1 Satz 15 KHG 
- 229 Fallabschluss (interne Verlegung) bei Wechsel zwischen voll- und teilstationärer Behandlung 
- 239 Beginn eines externen Aufenthalts mit Abwesenheit über Mitternacht (BPflV-Bereich, für verlegende Fachabteilung) 
- 249 Beendigung eines externen Aufenthalts mit Abwesenheit über Mitternacht (BPflV-Bereich, für Pseudo-Fachabteilung 0003) 
- 259 Entlassung zum Jahresende bei Aufnahme im Vorjahr (für Zwecke der Abrechnung, § 4 PEPPV) ",observation,,,"observation_concept_id IN (433128, 4021968, 4049607, 4052193, 4053230, 4082735, 4084500, 4084686, 4127600, 4139566, 4143443, 4147710, 4185328, 4185329, 4186037, 4203130, 4213258, 4216643, 4274958, 45878214)",,
Fallnummer,visit_occurrence_id,observation,,omop,postgres,,,dt.discharge,encounter_identifier_value,encounter.identifier.value,string,,,,0,,observation,,,,,
Entlassungsgrund,Entlassungsgrund,p21.fall,,p21staging,postgres,Aufnahmedatum,%Y%m%d%H%M,dt.discharge,encounter_hospitalization_dischargeDisposition,encounter.hospitalization.dischargeDisposition,string,"{""regex"":[""^[0-2](\\d){1,2}$""]}",,,1,"- 01x Behandlung regulär beendet 
- 02x Behandlung regulär beendet, nachstationäre Behandlung vorgesehen 
- 03x Behandlung aus sonstigen Gründen beendet 
- 04x Behandlung gegen ärztlichen Rat beendet 
- 059 Zuständigkeitswechsel des Kostenträgers (bei tagesbezogenen Entgelten) 
- 069 Verlegung in ein anderes Krankenhaus 
- 079 Tod 
- 089 Verlegung in ein anderes Krankenhaus im Rahmen einer Kooperation 
- 099 Entlassung in eine Rehabilitationseinrichtung 
- 109 Entlassung in eine Pflegeeinrichtung 
- 119 Entlassung in ein Hospiz 
- 139 externe Verlegung zur psychiatrischen Behandlung 
- 14x Behandlung aus sonstigen Gründen beendet, nachstationäre Behandlung vorgesehen 
- 15x Behandlung gegen ärztlichen Rat beendet, nachstationäre Behandlung vorgesehen 
- 179 interne Verlegung mit Wechsel zwischen den Entgeltbereichen der DRG-Fallpauschalen, nach der BPflV oder für besondere Einrichtungen nach § 17b Abs. 1 Satz 15 KHG 
- 229 Fallabschluss (interne Verlegung) bei Wechsel zwischen voll- und teilstationärer Behandlung 
- 239 Beginn eines externen Aufenthalts mit Abwesenheit über Mitternacht (BPflV-Bereich, für verlegende Fachabteilung) 
- 249 Beendigung eines externen Aufenthalts mit Abwesenheit über Mitternacht (BPflV-Bereich, für Pseudo-Fachabteilung 0003) 
- 259 Entlassung zum Jahresende bei Aufnahme im Vorjahr (für Zwecke der Abrechnung, § 4 PEPPV) ",fall,,,Aufnahmeanlass != 'B' OR Aufnahmeanlass IS NULL,,
Fallnummer,KH-internes-Kennzeichen,p21.fall,,p21staging,postgres,Aufnahmedatum,%Y%m%d%H%M,dt.discharge,encounter_identifier_value,encounter.identifier.value,string,,,,0,,fall,,,,,
Entlassungsgrund,hospitalization.dischargeDisposition.coding.code,resources,,fhirgw,postgres,,,dt.discharge,encounter_hospitalization_dischargeDisposition,encounter.hospitalization.dischargeDisposition,string,"{""regex"":[""^(aadvice|exp|home|hosp|oth|other\\-hcf|rehab|snf|alt\\-home|long|psy)$""]}",,,1,"- 01x Behandlung regulär beendet 
- 02x Behandlung regulär beendet, nachstationäre Behandlung vorgesehen 
- 03x Behandlung aus sonstigen Gründen beendet 
- 04x Behandlung gegen ärztlichen Rat beendet 
- 059 Zuständigkeitswechsel des Kostenträgers (bei tagesbezogenen Entgelten) 
- 069 Verlegung in ein anderes Krankenhaus 
- 079 Tod 
- 089 Verlegung in ein anderes Krankenhaus im Rahmen einer Kooperation 
- 099 Entlassung in eine Rehabilitationseinrichtung 
- 109 Entlassung in eine Pflegeeinrichtung 
- 119 Entlassung in ein Hospiz 
- 139 externe Verlegung zur psychiatrischen Behandlung 
- 14x Behandlung aus sonstigen Gründen beendet, nachstationäre Behandlung vorgesehen 
- 15x Behandlung gegen ärztlichen Rat beendet, nachstationäre Behandlung vorgesehen 
- 179 interne Verlegung mit Wechsel zwischen den Entgeltbereichen der DRG-Fallpauschalen, nach der BPflV oder für besondere Einrichtungen nach § 17b Abs. 1 Satz 15 KHG 
- 229 Fallabschluss (interne Verlegung) bei Wechsel zwischen voll- und teilstationärer Behandlung 
- 239 Beginn eines externen Aufenthalts mit Abwesenheit über Mitternacht (BPflV-Bereich, für verlegende Fachabteilung) 
- 249 Beendigung eines externen Aufenthalts mit Abwesenheit über Mitternacht (BPflV-Bereich, für Pseudo-Fachabteilung 0003) 
- 259 Entlassung zum Jahresende bei Aufnahme im Vorjahr (für Zwecke der Abrechnung, § 4 PEPPV) ",resources,,,type = 'Encounter',,
Fallnummer,id,resources,,fhirgw,postgres,,,dt.discharge,encounter_identifier_value,encounter.identifier.value,string,,,,0,,resources,,,,,
Fallnummer,KH_INTERNES_KENNZEICHEN,FALL.CSV,,p21csv,csv,,,dt.encounter,encounter_identifier_value,encounter.identifier.value,string,"{""regex"":[""^([[:alnum:]]){1,}""]}",,,1,"Das KH-interne Kennzeichen des Behandlungsfalls dient der eindeutigen Identifikation des Behandlungs-falls (Primärschlüssel). 
Das KH-interne Kennzeichen darf von der Datenstelle nicht weiter übermittelt werden. 
Wurden für einen Behandlungsfall im Verfahren nach § 301 SGB V unter identischem krankenhausinter-nen Kennzeichen des Behandlungsfalls mehrere Rechnungen in einem Entgeltbereich gestellt (z.B. quar-talsweise Abrechnung), ist bei der Datenlieferung nach § 21 KHEntgG nur ein Fall mit den Angaben des Gesamtaufenthalts im entsprechenden Entgeltbereich zu übermitteln.   

Besondere Behandlungsfälle/Konstellationen:  
Neugeborene sind stets als eigenständige Fälle mit allen zugehörigen fallbezogenen Daten getrennt von der Mutter zu dokumentieren. 
Für gesunde Neugeborene ist ‚0601' (Geburt) als Aufnahmegrund und der Aufnahmeanlass ‚G' anzuge-ben. 
Für krankheitsbedingt behandlungsbedürftige Neugeborene ist der Aufnahmegrund ‚01..' (siehe Aufnahmegrund) und der Aufnahmeanlass ‚G' anzugeben. 
Zur Kodierung der Diagnosen bei Neugeborenen siehe DKR.   ",,,,,1,"{""uniqueness"":{""patient_identifier_value"":{""name"":[""Pl.uniqueness.Item02""],""description"":[""Mit jeder Fallnummer darf nur eine Patienten-ID assoziiert sein.""]}}}"
Fallnummer,encounter_num,i2b2miracum.visit_dimension,,i2b2,postgres,start_date,,dt.encounter,encounter_identifier_value,encounter.identifier.value,string,"{""regex"":[""^([[:alnum:]]){1,}""]}",,,1,"Das KH-interne Kennzeichen des Behandlungsfalls dient der eindeutigen Identifikation des Behandlungs-falls (Primärschlüssel). 
Das KH-interne Kennzeichen darf von der Datenstelle nicht weiter übermittelt werden. 
Wurden für einen Behandlungsfall im Verfahren nach § 301 SGB V unter identischem krankenhausinter-nen Kennzeichen des Behandlungsfalls mehrere Rechnungen in einem Entgeltbereich gestellt (z.B. quar-talsweise Abrechnung), ist bei der Datenlieferung nach § 21 KHEntgG nur ein Fall mit den Angaben des Gesamtaufenthalts im entsprechenden Entgeltbereich zu übermitteln.   

Besondere Behandlungsfälle/Konstellationen:  
Neugeborene sind stets als eigenständige Fälle mit allen zugehörigen fallbezogenen Daten getrennt von der Mutter zu dokumentieren. 
Für gesunde Neugeborene ist ‚0601' (Geburt) als Aufnahmegrund und der Aufnahmeanlass ‚G' anzuge-ben. 
Für krankheitsbedingt behandlungsbedürftige Neugeborene ist der Aufnahmegrund ‚01..' (siehe Aufnahmegrund) und der Aufnahmeanlass ‚G' anzugeben. 
Zur Kodierung der Diagnosen bei Neugeborenen siehe DKR.   ",visit_dimension,,,,1,"{""uniqueness"":{""patient_identifier_value"":{""name"":[""Pl.uniqueness.Item02""],""description"":[""Mit jeder Fallnummer darf nur eine Patienten-ID assoziiert sein.""]}}}"
Patientennummer,patient_num,i2b2miracum.visit_dimension,,i2b2,postgres,start_date,,dt.encounter,encounter_subject_patient_identifier_value,encounter.subject.patient.identifier.value,string,,,,0,,visit_dimension,,,visit_blob = 'True encounter',,
Fallnummer,visit_occurrence_id,visit_occurrence,,omop,postgres,,,dt.encounter,encounter_identifier_value,encounter.identifier.value,string,"{""regex"":[""^([[:alnum:]]){1,}""]}",,,1,"Das KH-interne Kennzeichen des Behandlungsfalls dient der eindeutigen Identifikation des Behandlungs-falls (Primärschlüssel). 
Das KH-interne Kennzeichen darf von der Datenstelle nicht weiter übermittelt werden. 
Wurden für einen Behandlungsfall im Verfahren nach § 301 SGB V unter identischem krankenhausinter-nen Kennzeichen des Behandlungsfalls mehrere Rechnungen in einem Entgeltbereich gestellt (z.B. quar-talsweise Abrechnung), ist bei der Datenlieferung nach § 21 KHEntgG nur ein Fall mit den Angaben des Gesamtaufenthalts im entsprechenden Entgeltbereich zu übermitteln.   

Besondere Behandlungsfälle/Konstellationen:  
Neugeborene sind stets als eigenständige Fälle mit allen zugehörigen fallbezogenen Daten getrennt von der Mutter zu dokumentieren. 
Für gesunde Neugeborene ist ‚0601' (Geburt) als Aufnahmegrund und der Aufnahmeanlass ‚G' anzuge-ben. 
Für krankheitsbedingt behandlungsbedürftige Neugeborene ist der Aufnahmegrund ‚01..' (siehe Aufnahmegrund) und der Aufnahmeanlass ‚G' anzugeben. 
Zur Kodierung der Diagnosen bei Neugeborenen siehe DKR.   ",visit_occurence,,,,1,"{""uniqueness"":{""patient_identifier_value"":{""name"":[""Pl.uniqueness.Item02""],""description"":[""Mit jeder Fallnummer darf nur eine Patienten-ID assoziiert sein.""]}}}"
Patientennummer,person_id,visit_occurrence,,omop,postgres,,,dt.encounter,encounter_subject_patient_identifier_value,encounter.subject.patient.identifier.value,string,,,,0,,visit_occurence,,,,,
Fallnummer,KH-internes-Kennzeichen,p21.fall,,p21staging,postgres,Aufnahmedatum,%Y%m%d%H%M,dt.encounter,encounter_identifier_value,encounter.identifier.value,string,"{""regex"":[""^([[:alnum:]]){1,}""]}",,,1,"Das KH-interne Kennzeichen des Behandlungsfalls dient der eindeutigen Identifikation des Behandlungs-falls (Primärschlüssel). 
Das KH-interne Kennzeichen darf von der Datenstelle nicht weiter übermittelt werden. 
Wurden für einen Behandlungsfall im Verfahren nach § 301 SGB V unter identischem krankenhausinter-nen Kennzeichen des Behandlungsfalls mehrere Rechnungen in einem Entgeltbereich gestellt (z.B. quar-talsweise Abrechnung), ist bei der Datenlieferung nach § 21 KHEntgG nur ein Fall mit den Angaben des Gesamtaufenthalts im entsprechenden Entgeltbereich zu übermitteln.   

Besondere Behandlungsfälle/Konstellationen:  
Neugeborene sind stets als eigenständige Fälle mit allen zugehörigen fallbezogenen Daten getrennt von der Mutter zu dokumentieren. 
Für gesunde Neugeborene ist ‚0601' (Geburt) als Aufnahmegrund und der Aufnahmeanlass ‚G' anzuge-ben. 
Für krankheitsbedingt behandlungsbedürftige Neugeborene ist der Aufnahmegrund ‚01..' (siehe Aufnahmegrund) und der Aufnahmeanlass ‚G' anzugeben. 
Zur Kodierung der Diagnosen bei Neugeborenen siehe DKR.   ",fall,,,Aufnahmeanlass != 'B' OR Aufnahmeanlass IS NULL,1,"{""uniqueness"":{""patient_identifier_value"":{""name"":[""Pl.uniqueness.Item02""],""description"":[""Mit jeder Fallnummer darf nur eine Patienten-ID assoziiert sein.""]}}}"
Patientennummer,Patientennummer,p21.fall,,p21staging,postgres,Aufnahmedatum,%Y%m%d%H%M,dt.encounter,encounter_subject_patient_identifier_value,encounter.subject.patient.identifier.value,string,,,,0,,fall,,,,,
Fallnummer,id,resources,,fhirgw,postgres,,,dt.encounter,encounter_identifier_value,encounter.identifier.value,string,"{""regex"":[""^([[:alnum:]]){1,}""]}",,,1,"Das KH-interne Kennzeichen des Behandlungsfalls dient der eindeutigen Identifikation des Behandlungs-falls (Primärschlüssel). 
Das KH-interne Kennzeichen darf von der Datenstelle nicht weiter übermittelt werden. 
Wurden für einen Behandlungsfall im Verfahren nach § 301 SGB V unter identischem krankenhausinter-nen Kennzeichen des Behandlungsfalls mehrere Rechnungen in einem Entgeltbereich gestellt (z.B. quar-talsweise Abrechnung), ist bei der Datenlieferung nach § 21 KHEntgG nur ein Fall mit den Angaben des Gesamtaufenthalts im entsprechenden Entgeltbereich zu übermitteln.   

Besondere Behandlungsfälle/Konstellationen:  
Neugeborene sind stets als eigenständige Fälle mit allen zugehörigen fallbezogenen Daten getrennt von der Mutter zu dokumentieren. 
Für gesunde Neugeborene ist ‚0601' (Geburt) als Aufnahmegrund und der Aufnahmeanlass ‚G' anzuge-ben. 
Für krankheitsbedingt behandlungsbedürftige Neugeborene ist der Aufnahmegrund ‚01..' (siehe Aufnahmegrund) und der Aufnahmeanlass ‚G' anzugeben. 
Zur Kodierung der Diagnosen bei Neugeborenen siehe DKR.   ",resources,,,type = 'Encounter',1,"{""uniqueness"":{""patient_identifier_value"":{""name"":[""Pl.uniqueness.Item02""],""description"":[""Mit jeder Fallnummer darf nur eine Patienten-ID assoziiert sein.""]}}}"
Patientennummer,subject.reference,resources,,fhirgw,postgres,,,dt.encounter,encounter_subject_patient_identifier_value,encounter.subject.patient.identifier.value,string,,,,0,,resources,,,,,
Aufnahmeanlass,AUFNAHMEANLASS,FALL.CSV,,p21csv,csv,,,dt.admission,encounter_hospitalization_admitSource,encounter.hospitalization.admitSource,permittedValues,"{""value_set"":[""E, Z, N, R, V, A, G, B""]}",,,1,"- E Einweisung durch einen Arzt 
- Z Einweisung durch einen Zahnarzt 
- N Notfall 
- R Aufnahme nach vorausgehender Behandlung in einer Rehabilitationseinrichtung 
- V Verlegung mit Behandlungsdauer im verlegenden Krankenhaus länger als 24 Stunden 
- A Verlegung mit Behandlungsdauer im verlegenden Krankenhaus bis zu 24 Stunden  

Zusatzschlüssel für besondere Kalkulationsanforderungen: 
    - G Geburt (siehe Hinweis Neugeborene) 
    - B Begleitperson oder mitaufgenommene Pflegekraft  ",,,,,,
Aufnahmeanlass,concept_cd,i2b2miracum.observation_fact,,i2b2,postgres,start_date,,dt.admission,encounter_hospitalization_admitSource,encounter.hospitalization.admitSource,permittedValues,"{""value_set"":[""FALL|AUFNAHMEANLASS:E"",""FALL|AUFNAHMEANLASS:Z"",""FALL|AUFNAHMEANLASS:N"",""FALL|AUFNAHMEANLASS:R"",""FALL|AUFNAHMEANLASS:V"",""FALL|AUFNAHMEANLASS:A"",""FALL|AUFNAHMEANLASS:G"",""FALL|AUFNAHMEANLASS:B""]}",,,1,"- E Einweisung durch einen Arzt 
- Z Einweisung durch einen Zahnarzt 
- N Notfall 
- R Aufnahme nach vorausgehender Behandlung in einer Rehabilitationseinrichtung 
- V Verlegung mit Behandlungsdauer im verlegenden Krankenhaus länger als 24 Stunden 
- A Verlegung mit Behandlungsdauer im verlegenden Krankenhaus bis zu 24 Stunden  

Zusatzschlüssel für besondere Kalkulationsanforderungen: 
    - G Geburt (siehe Hinweis Neugeborene) 
    - B Begleitperson oder mitaufgenommene Pflegekraft  ",observation_fact,,,concept_cd LIKE 'FALL|AUFNAHMEANLASS%',,
Fallnummer,encounter_num,i2b2miracum.observation_fact,,i2b2,postgres,start_date,,dt.admission,encounter_identifier_value,encounter.identifier.value,string,,,,0,,observation_fact,,,,,
Aufnahmeanlass,observation_source_value,observation,,omop,postgres,,,dt.admission,encounter_hospitalization_admitSource,encounter.hospitalization.admitSource,permittedValues,"{""value_set"":[""E, Z, N, R, V, A, G, B""]}",,,1,"- E Einweisung durch einen Arzt 
- Z Einweisung durch einen Zahnarzt 
- N Notfall 
- R Aufnahme nach vorausgehender Behandlung in einer Rehabilitationseinrichtung 
- V Verlegung mit Behandlungsdauer im verlegenden Krankenhaus länger als 24 Stunden 
- A Verlegung mit Behandlungsdauer im verlegenden Krankenhaus bis zu 24 Stunden  

Zusatzschlüssel für besondere Kalkulationsanforderungen: 
    - G Geburt (siehe Hinweis Neugeborene) 
    - B Begleitperson oder mitaufgenommene Pflegekraft  ",observation,,,"observation_type_concept_id = 43542355 AND observation_concept_id IN (4164916, 4194310, 4138807, 4216316, 4079617, 4146925, 4123917)",,
Fallnummer,visit_occurrence_id,observation,,omop,postgres,,,dt.admission,encounter_identifier_value,encounter.identifier.value,string,,,,0,,observation,,,,,
Aufnahmeanlass,Aufnahmeanlass,p21.fall,,p21staging,postgres,Aufnahmedatum,%Y%m%d%H%M,dt.admission,encounter_hospitalization_admitSource,encounter.hospitalization.admitSource,permittedValues,"{""value_set"":[""E, Z, N, R, V, A, G, B""]}",,,1,"- E Einweisung durch einen Arzt 
- Z Einweisung durch einen Zahnarzt 
- N Notfall 
- R Aufnahme nach vorausgehender Behandlung in einer Rehabilitationseinrichtung 
- V Verlegung mit Behandlungsdauer im verlegenden Krankenhaus länger als 24 Stunden 
- A Verlegung mit Behandlungsdauer im verlegenden Krankenhaus bis zu 24 Stunden  

Zusatzschlüssel für besondere Kalkulationsanforderungen: 
    - G Geburt (siehe Hinweis Neugeborene) 
    - B Begleitperson oder mitaufgenommene Pflegekraft  ",fall,,,Aufnahmeanlass != 'B' OR Aufnahmeanlass IS NULL,,
Fallnummer,KH-internes-Kennzeichen,p21.fall,,p21staging,postgres,Aufnahmedatum,%Y%m%d%H%M,dt.admission,encounter_identifier_value,encounter.identifier.value,string,,,,0,,fall,,,,,
